[
  {
    "id": "6751230d-0e58-4796-a9d1-5af5c33e3643",
    "data": [
      {
        "text": "Hey",
        "userDefined": false
      }
    ],
    "isTemplate": false,
    "count": 0,
    "lang": "en",
    "updated": 0
  },
  {
    "id": "25d65d48-a679-4706-9999-b70cc8d9d61f",
    "data": [
      {
        "text": "Anything for you!",
        "userDefined": false
      }
    ],
    "isTemplate": false,
    "count": 0,
    "lang": "en",
    "updated": 0
  },
  {
    "id": "15addb0e-5e17-41c4-82e0-90517a834534",
    "data": [
      {
        "text": "What should I teach you?",
        "userDefined": false
      }
    ],
    "isTemplate": false,
    "count": 0,
    "lang": "en",
    "updated": 0
  },
  {
    "id": "ca73665f-ba50-42b3-b3bc-3e36790ff0ff",
    "data": [
      {
        "text": "Yes",
        "userDefined": false
      }
    ],
    "isTemplate": false,
    "count": 0,
    "lang": "en",
    "updated": 0
  },
  {
    "id": "eab562a8-9e6b-4f61-9b77-e728bc3520b4",
    "data": [
      {
        "text": "Kay shikvu bala tula?",
        "userDefined": false
      }
    ],
    "isTemplate": false,
    "count": 0,
    "lang": "en",
    "updated": 0
  },
  {
    "id": "935fdf69-6276-458b-9238-ccc8decaaa13",
    "data": [
      {
        "text": "How you doing?",
        "userDefined": false
      }
    ],
    "isTemplate": false,
    "count": 0,
    "lang": "en",
    "updated": 0
  },
  {
    "id": "5c1bda27-3d1d-4571-a3a0-79d1d4830fd7",
    "data": [
      {
        "text": "Sure",
        "userDefined": false
      }
    ],
    "isTemplate": false,
    "count": 0,
    "lang": "en",
    "updated": 0
  },
  {
    "id": "678283e8-25a8-4d66-bafa-0af67c0fcaf0",
    "data": [
      {
        "text": "Cool!",
        "userDefined": false
      }
    ],
    "isTemplate": false,
    "count": 0,
    "lang": "en",
    "updated": 0
  },
  {
    "id": "5d45fe96-462a-4f08-bad7-b00b7975472d",
    "data": [
      {
        "text": "Okay",
        "userDefined": false
      }
    ],
    "isTemplate": false,
    "count": 1,
    "lang": "en",
    "updated": 0
  },
  {
    "id": "6c7f6580-db7c-4704-b48e-f4488c6510b0",
    "data": [
      {
        "text": "What do you want to learn?",
        "userDefined": false
      }
    ],
    "isTemplate": false,
    "count": 0,
    "lang": "en",
    "updated": 0
  },
  {
    "id": "3d3beb1a-6000-4b3b-b412-06db02f1a4c7",
    "data": [
      {
        "text": "How are you?",
        "userDefined": false
      }
    ],
    "isTemplate": false,
    "count": 0,
    "lang": "en",
    "updated": 0
  },
  {
    "id": "148a78bc-b4b0-499a-ad0a-3824111bef98",
    "data": [
      {
        "text": "Hi",
        "userDefined": false
      }
    ],
    "isTemplate": false,
    "count": 0,
    "lang": "en",
    "updated": 0
  }
]