[
  {
    "id": "c577a08a-ceab-4355-890f-4060ec54f0f5",
    "data": [
      {
        "text": "There are 3 types of people in this world",
        "userDefined": false
      }
    ],
    "isTemplate": false,
    "count": 0,
    "lang": "en",
    "updated": 0
  },
  {
    "id": "4f06095a-4f11-4492-a1d5-da1fc3e526ef",
    "data": [
      {
        "text": "Kay karshil?",
        "userDefined": false
      }
    ],
    "isTemplate": false,
    "count": 0,
    "lang": "en",
    "updated": 0
  },
  {
    "id": "436f1167-28af-42f8-9a2d-c40c48ca0a1c",
    "data": [
      {
        "text": "How about I do not teach you\u003e",
        "userDefined": false
      }
    ],
    "isTemplate": false,
    "count": 0,
    "lang": "en",
    "updated": 0
  },
  {
    "id": "8a07785d-227d-4429-b398-36e435308dcb",
    "data": [
      {
        "text": "I have better things to do",
        "userDefined": false
      }
    ],
    "isTemplate": false,
    "count": 0,
    "lang": "en",
    "updated": 0
  },
  {
    "id": "0c8417a4-ae0f-49d6-8776-a35723975b06",
    "data": [
      {
        "text": "Is it necessary?",
        "userDefined": false
      }
    ],
    "isTemplate": false,
    "count": 0,
    "lang": "en",
    "updated": 0
  },
  {
    "id": "0ddf2b23-5e6d-4d06-bc58-60a455ff2bdd",
    "data": [
      {
        "text": "Ka?",
        "userDefined": false
      }
    ],
    "isTemplate": false,
    "count": 0,
    "lang": "en",
    "updated": 0
  },
  {
    "id": "50629c1e-00a4-4225-b59e-c6142160bf1c",
    "data": [
      {
        "text": "Why?",
        "userDefined": false
      }
    ],
    "isTemplate": false,
    "count": 0,
    "lang": "en",
    "updated": 0
  },
  {
    "id": "307f75b3-09d0-4698-857d-ebdca2c36eae",
    "data": [
      {
        "text": "Why should I?",
        "userDefined": false
      }
    ],
    "isTemplate": false,
    "count": 0,
    "lang": "en",
    "updated": 0
  }
]