[
  {
    "id": "84404516-3136-41bc-83bc-b5ff3c589eea",
    "data": [
      {
        "text": "Surely",
        "userDefined": false
      }
    ],
    "isTemplate": false,
    "count": 0,
    "lang": "en",
    "updated": 0
  },
  {
    "id": "811b7a5f-5302-4273-b52e-11f84ca0ac90",
    "data": [
      {
        "text": "Gladly",
        "userDefined": false
      }
    ],
    "isTemplate": false,
    "count": 0,
    "lang": "en",
    "updated": 0
  },
  {
    "id": "d1dd0a28-bd09-464c-abf9-e28e2f3cc589",
    "data": [
      {
        "text": "Yes definitely",
        "userDefined": false
      }
    ],
    "isTemplate": false,
    "count": 0,
    "lang": "en",
    "updated": 0
  },
  {
    "id": "47d376b5-3a9c-4375-b142-c5b3ecd5485e",
    "data": [
      {
        "text": "Definitely",
        "userDefined": false
      }
    ],
    "isTemplate": false,
    "count": 0,
    "lang": "en",
    "updated": 0
  },
  {
    "id": "ba9ebb84-a9d8-4011-84b3-7241c1121c73",
    "data": [
      {
        "text": "Okay, sure",
        "userDefined": false
      }
    ],
    "isTemplate": false,
    "count": 0,
    "lang": "en",
    "updated": 0
  },
  {
    "id": "a5a85bae-ea57-45a5-913c-2f3739c527ce",
    "data": [
      {
        "text": "ho",
        "userDefined": false
      }
    ],
    "isTemplate": false,
    "count": 0,
    "lang": "en",
    "updated": 0
  },
  {
    "id": "40a8d1b3-9a12-4d7e-9b2f-0a6981d102a2",
    "data": [
      {
        "text": "Yes, sure",
        "userDefined": false
      }
    ],
    "isTemplate": false,
    "count": 0,
    "lang": "en",
    "updated": 0
  },
  {
    "id": "f32b0a37-148e-47fb-a2af-245d66d62fac",
    "data": [
      {
        "text": "Sure",
        "userDefined": false
      }
    ],
    "isTemplate": false,
    "count": 0,
    "lang": "en",
    "updated": 0
  },
  {
    "id": "633bbce9-f151-4b9b-b101-8d1e58955bda",
    "data": [
      {
        "text": "Okay",
        "userDefined": false
      }
    ],
    "isTemplate": false,
    "count": 0,
    "lang": "en",
    "updated": 0
  },
  {
    "id": "7bd61c3b-9e4a-413f-8a01-5ba87237590c",
    "data": [
      {
        "text": "Yes!",
        "userDefined": false
      }
    ],
    "isTemplate": false,
    "count": 0,
    "lang": "en",
    "updated": 0
  }
]