[
  {
    "id": "1f2968c1-1f44-4f5e-bf8a-f41e0971d9fa",
    "data": [
      {
        "text": "Why not?",
        "userDefined": false
      }
    ],
    "isTemplate": false,
    "count": 0,
    "lang": "en",
    "updated": 0
  },
  {
    "id": "53e68043-646e-4681-851e-8afd87a6cf7c",
    "data": [
      {
        "text": "Definitely",
        "userDefined": false
      }
    ],
    "isTemplate": false,
    "count": 0,
    "lang": "en",
    "updated": 0
  },
  {
    "id": "aad64ca7-0fd7-4e13-af26-9bd1a4ee5489",
    "data": [
      {
        "text": "Defiitely",
        "userDefined": false
      }
    ],
    "isTemplate": false,
    "count": 0,
    "lang": "en",
    "updated": 0
  },
  {
    "id": "4db6a62d-bc49-4f98-b229-9e3e78637e54",
    "data": [
      {
        "text": "Yes, definitely",
        "userDefined": false
      }
    ],
    "isTemplate": false,
    "count": 0,
    "lang": "en",
    "updated": 0
  },
  {
    "id": "9eb7591c-c513-4280-861c-420fa40144e0",
    "data": [
      {
        "text": "great",
        "userDefined": false
      }
    ],
    "isTemplate": false,
    "count": 1,
    "lang": "en",
    "updated": 0
  },
  {
    "id": "77b4ed45-fd8f-4d15-a249-409c403bcc86",
    "data": [
      {
        "text": "sure",
        "userDefined": false
      }
    ],
    "isTemplate": false,
    "count": 0,
    "lang": "en",
    "updated": 0
  },
  {
    "id": "0308b6cd-f553-4086-93a9-5c92ac795f2b",
    "data": [
      {
        "text": "okay",
        "userDefined": false
      }
    ],
    "isTemplate": false,
    "count": 0,
    "lang": "en",
    "updated": 0
  },
  {
    "id": "8d9973c6-c579-4b54-ba13-5623b2b21659",
    "data": [
      {
        "text": "yes",
        "userDefined": false
      }
    ],
    "isTemplate": false,
    "count": 0,
    "lang": "en",
    "updated": 0
  },
  {
    "id": "14066080-f0a4-4512-8020-e014b9b58c1f",
    "data": [
      {
        "text": "division",
        "meta": "@Division",
        "alias": "Division",
        "userDefined": false
      }
    ],
    "isTemplate": false,
    "count": 1,
    "lang": "en",
    "updated": 0
  },
  {
    "id": "0ba18f32-d668-4072-a9c8-5c81d720bba3",
    "data": [
      {
        "text": "yes okay",
        "userDefined": false
      }
    ],
    "isTemplate": false,
    "count": 2,
    "lang": "en",
    "updated": 0
  },
  {
    "id": "ac3c778a-7c25-4b42-882a-d75550030915",
    "data": [
      {
        "text": "Division",
        "meta": "@Division",
        "alias": "Division",
        "userDefined": false
      },
      {
        "text": "!",
        "userDefined": false
      }
    ],
    "isTemplate": false,
    "count": 0,
    "lang": "en",
    "updated": 0
  },
  {
    "id": "fd19ce34-f972-4374-be05-18ff734749c6",
    "data": [
      {
        "text": "Division",
        "meta": "@Division",
        "alias": "Division",
        "userDefined": false
      },
      {
        "text": " will be taught",
        "userDefined": false
      }
    ],
    "isTemplate": false,
    "count": 0,
    "lang": "en",
    "updated": 0
  },
  {
    "id": "7168401a-953d-4e5a-8d46-0b3235970f4f",
    "data": [
      {
        "text": "I will teach you ",
        "userDefined": false
      },
      {
        "text": "division",
        "meta": "@Division",
        "alias": "Division",
        "userDefined": false
      },
      {
        "text": " ",
        "userDefined": false
      },
      {
        "text": "today",
        "meta": "@sys.date",
        "alias": "date",
        "userDefined": false
      },
      {
        "text": "!",
        "userDefined": false
      }
    ],
    "isTemplate": false,
    "count": 0,
    "lang": "en",
    "updated": 0
  },
  {
    "id": "666f9560-16dc-4e0c-a874-96d5ca81846a",
    "data": [
      {
        "text": "Converting \"",
        "userDefined": false
      },
      {
        "text": "A",
        "meta": "@Numerator",
        "alias": "Numerator",
        "userDefined": false
      },
      {
        "text": " ",
        "userDefined": false
      },
      {
        "text": "divided by",
        "meta": "@Division",
        "alias": "Division",
        "userDefined": false
      },
      {
        "text": " ",
        "userDefined": false
      },
      {
        "text": "B",
        "meta": "@Denominator",
        "alias": "Denominator",
        "userDefined": false
      },
      {
        "text": "\" to Math Equation",
        "userDefined": false
      }
    ],
    "isTemplate": false,
    "count": 0,
    "lang": "en",
    "updated": 0
  },
  {
    "id": "f124fe65-be30-4dee-9347-06959d548c22",
    "data": [
      {
        "text": "So ",
        "userDefined": false
      },
      {
        "text": "today",
        "meta": "@sys.date",
        "alias": "date",
        "userDefined": false
      },
      {
        "text": " we will learn ",
        "userDefined": false
      },
      {
        "text": "Division",
        "meta": "@Division",
        "alias": "Division",
        "userDefined": false
      },
      {
        "text": " and its conversion to math equation",
        "userDefined": false
      }
    ],
    "isTemplate": false,
    "count": 0,
    "lang": "en",
    "updated": 0
  },
  {
    "id": "d510fd3d-aa4c-4b97-8703-57e8f3eee5f3",
    "data": [
      {
        "text": "A ",
        "userDefined": false
      },
      {
        "text": "Divided by",
        "meta": "@Division",
        "alias": "Division",
        "userDefined": false
      },
      {
        "text": " B",
        "userDefined": false
      }
    ],
    "isTemplate": false,
    "count": 0,
    "lang": "en",
    "updated": 0
  }
]