[
  {
    "id": "dde45972-ef32-488c-b3d6-a137e80eab07",
    "data": [
      {
        "text": "Words like ",
        "userDefined": false
      },
      {
        "text": "divide",
        "meta": "@Division",
        "alias": "Division",
        "userDefined": false
      },
      {
        "text": ", split, make ",
        "userDefined": false
      },
      {
        "text": "into",
        "meta": "@Multiplication",
        "alias": "Multiplication",
        "userDefined": false
      },
      {
        "text": " equal groups etc mean ",
        "userDefined": false
      },
      {
        "text": "division",
        "meta": "@Division",
        "alias": "Division1",
        "userDefined": false
      }
    ],
    "isTemplate": false,
    "count": 0,
    "lang": "en",
    "updated": 0
  },
  {
    "id": "b55a59ef-70e1-4be4-a587-9b4e0787d896",
    "data": [
      {
        "text": "divide",
        "meta": "@Division",
        "alias": "Division",
        "userDefined": false
      },
      {
        "text": " into",
        "userDefined": false
      }
    ],
    "isTemplate": false,
    "count": 0,
    "lang": "en",
    "updated": 0
  },
  {
    "id": "8a2452a8-d093-4b62-a078-8356b1ee7263",
    "data": [
      {
        "text": "split into",
        "userDefined": false
      }
    ],
    "isTemplate": false,
    "count": 0,
    "lang": "en",
    "updated": 0
  },
  {
    "id": "22221118-0663-46a6-8463-5a114158fe7c",
    "data": [
      {
        "text": "divide",
        "meta": "@Division",
        "alias": "Division",
        "userDefined": false
      }
    ],
    "isTemplate": false,
    "count": 0,
    "lang": "en",
    "updated": 0
  },
  {
    "id": "c4451c97-2209-473d-902e-957e7e38a934",
    "data": [
      {
        "text": "formed into groups",
        "userDefined": false
      }
    ],
    "isTemplate": false,
    "count": 1,
    "lang": "en",
    "updated": 0
  },
  {
    "id": "1028b03f-e687-4d72-8896-5a9647434368",
    "data": [
      {
        "text": "equally",
        "userDefined": false
      }
    ],
    "isTemplate": false,
    "count": 0,
    "lang": "en",
    "updated": 0
  },
  {
    "id": "4efb0311-7f28-4a01-8acd-8ad8211eadf8",
    "data": [
      {
        "text": "equal",
        "userDefined": false
      }
    ],
    "isTemplate": false,
    "count": 0,
    "lang": "en",
    "updated": 0
  },
  {
    "id": "4ec34c74-e581-476b-8b1e-a6e403f3be95",
    "data": [
      {
        "text": "split",
        "userDefined": false
      }
    ],
    "isTemplate": false,
    "count": 0,
    "lang": "en",
    "updated": 0
  },
  {
    "id": "88423bbd-abe2-4c43-be29-fc9aa1085fc6",
    "data": [
      {
        "text": "distributed in",
        "userDefined": false
      }
    ],
    "isTemplate": false,
    "count": 0,
    "lang": "en",
    "updated": 0
  },
  {
    "id": "279efdf6-a8fc-4a5d-a8c8-5757d79a827b",
    "data": [
      {
        "text": "given to",
        "userDefined": false
      }
    ],
    "isTemplate": false,
    "count": 0,
    "lang": "en",
    "updated": 0
  },
  {
    "id": "087983d0-7b09-4a9d-8041-2d85100428d3",
    "data": [
      {
        "text": "divide",
        "meta": "@Division",
        "alias": "Division",
        "userDefined": false
      },
      {
        "text": " ",
        "userDefined": false
      },
      {
        "text": "by",
        "meta": "@Division",
        "alias": "Division1",
        "userDefined": false
      }
    ],
    "isTemplate": false,
    "count": 0,
    "lang": "en",
    "updated": 0
  },
  {
    "id": "844e0dc5-3424-4dec-802e-db696e006f8c",
    "data": [
      {
        "text": "Words like ",
        "userDefined": false
      },
      {
        "text": "divide",
        "meta": "@Division",
        "alias": "Division",
        "userDefined": false
      },
      {
        "text": " ",
        "userDefined": false
      },
      {
        "text": "by",
        "meta": "@Division",
        "alias": "Division1",
        "userDefined": false
      },
      {
        "text": ", given to, distributed in, split, equal, equally, formed into groups. All mean ",
        "userDefined": false
      },
      {
        "text": "division",
        "meta": "@Division",
        "alias": "Division2",
        "userDefined": false
      },
      {
        "text": ".",
        "userDefined": false
      }
    ],
    "isTemplate": false,
    "count": 0,
    "lang": "en",
    "updated": 0
  }
]