[
  {
    "id": "9ac6a3c9-d7ea-43e5-9728-0cd7725ab1c8",
    "data": [
      {
        "text": "32",
        "meta": "@sys.number",
        "alias": "number",
        "userDefined": false
      },
      {
        "text": " ",
        "userDefined": false
      },
      {
        "text": "divided by",
        "meta": "@Division",
        "alias": "Division",
        "userDefined": false
      },
      {
        "text": " ",
        "userDefined": false
      },
      {
        "text": "8",
        "meta": "@sys.number",
        "alias": "number1",
        "userDefined": false
      },
      {
        "text": " gives ",
        "userDefined": false
      },
      {
        "text": "4",
        "meta": "@sys.number",
        "alias": "number2",
        "userDefined": false
      },
      {
        "text": ".",
        "userDefined": false
      }
    ],
    "isTemplate": false,
    "count": 0,
    "lang": "en",
    "updated": 0
  },
  {
    "id": "1607064d-c201-4532-82f4-71182ed341a4",
    "data": [
      {
        "text": "Suppose I have ",
        "userDefined": false
      },
      {
        "text": "12",
        "meta": "@sys.number",
        "alias": "number",
        "userDefined": false
      },
      {
        "text": " pens and ",
        "userDefined": false
      },
      {
        "text": "3",
        "meta": "@sys.number",
        "alias": "number1",
        "userDefined": false
      },
      {
        "text": " children and I want to ",
        "userDefined": false
      },
      {
        "text": "divide",
        "meta": "@Division",
        "alias": "Division",
        "userDefined": false
      },
      {
        "text": " them equally, each child will get ",
        "userDefined": false
      },
      {
        "text": "4",
        "meta": "@sys.number",
        "alias": "number2",
        "userDefined": false
      },
      {
        "text": " pens.",
        "userDefined": false
      }
    ],
    "isTemplate": false,
    "count": 0,
    "lang": "en",
    "updated": 0
  }
]