[
  {
    "id": "79b18b60-178a-446f-96b0-6b99fdd91309",
    "data": [
      {
        "text": "100 percent",
        "meta": "@sys.percentage",
        "alias": "percentage",
        "userDefined": false
      }
    ],
    "isTemplate": false,
    "count": 0,
    "lang": "en",
    "updated": 0
  },
  {
    "id": "e786260c-e7a9-44f6-9d6e-52c9e340d335",
    "data": [
      {
        "text": "Correct",
        "userDefined": false
      }
    ],
    "isTemplate": false,
    "count": 0,
    "lang": "en",
    "updated": 0
  },
  {
    "id": "6a952459-8c09-46fa-a298-4caac8549b00",
    "data": [
      {
        "text": "yes",
        "userDefined": false
      }
    ],
    "isTemplate": false,
    "count": 1,
    "lang": "en",
    "updated": 0
  },
  {
    "id": "aaf148b5-b87d-4d1a-8714-5cbaf84628b4",
    "data": [
      {
        "text": "And ",
        "userDefined": false
      },
      {
        "text": "division",
        "meta": "@Division",
        "alias": "Division",
        "userDefined": false
      },
      {
        "text": " is the number of ",
        "userDefined": false
      },
      {
        "text": "times",
        "meta": "@Multiplication",
        "alias": "Multiplication",
        "userDefined": false
      },
      {
        "text": " ",
        "userDefined": false
      },
      {
        "text": "B",
        "meta": "@Fractions",
        "alias": "Fractions",
        "userDefined": false
      },
      {
        "text": " can be subtracted from ",
        "userDefined": false
      },
      {
        "text": "A",
        "meta": "@Fractions",
        "alias": "Fractions1",
        "userDefined": false
      },
      {
        "text": "!",
        "userDefined": false
      }
    ],
    "isTemplate": false,
    "count": 0,
    "lang": "en",
    "updated": 0
  },
  {
    "id": "1821a275-62b0-4897-8d7c-fee68538eb8c",
    "data": [
      {
        "text": "Somewhat",
        "userDefined": false
      }
    ],
    "isTemplate": false,
    "count": 0,
    "lang": "en",
    "updated": 0
  },
  {
    "id": "43081cf9-2ad3-4412-abfc-35addcab5f2d",
    "data": [
      {
        "text": "Somehwat",
        "userDefined": false
      }
    ],
    "isTemplate": false,
    "count": 0,
    "lang": "en",
    "updated": 0
  },
  {
    "id": "05d310b0-2b7d-4480-88c6-5369e854b1d1",
    "data": [
      {
        "text": "True",
        "userDefined": false
      }
    ],
    "isTemplate": false,
    "count": 1,
    "lang": "en",
    "updated": 0
  },
  {
    "id": "f06d714d-5f63-4f6b-9330-754627403c30",
    "data": [
      {
        "text": "It is seeing how many times can ",
        "userDefined": false
      },
      {
        "text": "B",
        "meta": "@Fractions",
        "alias": "Fractions",
        "userDefined": false
      },
      {
        "text": " go into ",
        "userDefined": false
      },
      {
        "text": "A",
        "meta": "@Fractions",
        "alias": "Fractions1",
        "userDefined": false
      }
    ],
    "isTemplate": false,
    "count": 0,
    "lang": "en",
    "updated": 0
  },
  {
    "id": "05ba205c-09fa-4658-a1f5-180be129f1de",
    "data": [
      {
        "text": "Or ",
        "userDefined": false
      },
      {
        "text": "Division",
        "meta": "@Division",
        "alias": "Division",
        "userDefined": false
      },
      {
        "text": " is how many times can ",
        "userDefined": false
      },
      {
        "text": "B",
        "meta": "@Fractions",
        "alias": "Fractions",
        "userDefined": false
      },
      {
        "text": " be completely subtracted from ",
        "userDefined": false
      },
      {
        "text": "A",
        "meta": "@Fractions",
        "alias": "Fractions1",
        "userDefined": false
      },
      {
        "text": ".",
        "userDefined": false
      }
    ],
    "isTemplate": false,
    "count": 0,
    "lang": "en",
    "updated": 0
  },
  {
    "id": "6afd5230-fbac-4dd7-acdc-7f8539e63f30",
    "data": [
      {
        "text": "Division",
        "meta": "@Division",
        "alias": "Division",
        "userDefined": false
      },
      {
        "text": " is seeing how many times can ",
        "userDefined": false
      },
      {
        "text": "B",
        "meta": "@Denominator",
        "alias": "Denominator",
        "userDefined": true
      },
      {
        "text": " go into ",
        "userDefined": false
      },
      {
        "text": "A",
        "meta": "@Numerator",
        "alias": "Numerator",
        "userDefined": true
      }
    ],
    "isTemplate": false,
    "count": 0,
    "lang": "en",
    "updated": 0
  }
]