[
  {
    "id": "747c532b-9ae6-4fff-a9c0-30927f282944",
    "data": [
      {
        "text": "Yes!",
        "userDefined": false
      }
    ],
    "isTemplate": false,
    "count": 0,
    "lang": "en",
    "updated": 0
  },
  {
    "id": "1a4bca88-8477-45e2-85d9-b703b96ff7fc",
    "data": [
      {
        "text": "Bang on",
        "userDefined": false
      }
    ],
    "isTemplate": false,
    "count": 1,
    "lang": "en",
    "updated": 0
  },
  {
    "id": "82f6493e-978d-44b6-848e-db9d660b12eb",
    "data": [
      {
        "text": "Precisely",
        "userDefined": false
      }
    ],
    "isTemplate": false,
    "count": 0,
    "lang": "en",
    "updated": 0
  },
  {
    "id": "a866e8a0-95bd-4869-b7b7-b5b3489fe390",
    "data": [
      {
        "text": "Correct",
        "userDefined": false
      }
    ],
    "isTemplate": false,
    "count": 0,
    "lang": "en",
    "updated": 0
  },
  {
    "id": "bcbedfb8-9ba9-4513-ae7f-1d2711375ecd",
    "data": [
      {
        "text": "True",
        "userDefined": false
      }
    ],
    "isTemplate": false,
    "count": 0,
    "lang": "en",
    "updated": 0
  },
  {
    "id": "2642dd14-5eb1-4956-b230-572096a10791",
    "data": [
      {
        "text": "Yes",
        "userDefined": false
      }
    ],
    "isTemplate": false,
    "count": 0,
    "lang": "en",
    "updated": 0
  }
]