[
  {
    "id": "38e60b4b-2ff8-493b-9056-a9087f6f23af",
    "data": [
      {
        "text": "Write ",
        "userDefined": false
      },
      {
        "text": "A",
        "meta": "@Fractions",
        "alias": "Fractions",
        "userDefined": false
      },
      {
        "text": " ",
        "userDefined": false
      },
      {
        "text": "divided by",
        "meta": "@Division",
        "alias": "Division",
        "userDefined": false
      },
      {
        "text": " ",
        "userDefined": false
      },
      {
        "text": "B",
        "meta": "@Fractions",
        "alias": "Fractions1",
        "userDefined": false
      },
      {
        "text": " as ",
        "userDefined": false
      },
      {
        "text": "A",
        "meta": "@Fractions",
        "alias": "Fractions2",
        "userDefined": false
      },
      {
        "text": "/",
        "userDefined": false
      },
      {
        "text": "B",
        "meta": "@Fractions",
        "alias": "Fractions3",
        "userDefined": false
      }
    ],
    "isTemplate": false,
    "count": 0,
    "lang": "en",
    "updated": 0
  }
]