[
  {
    "id": "1a57471b-e571-4e39-92de-505ba30072ce",
    "data": [
      {
        "text": "If A00\u003e",
        "userDefined": false
      },
      {
        "text": "B",
        "meta": "@Fractions",
        "alias": "Fractions",
        "userDefined": false
      },
      {
        "text": " solve like normal ",
        "userDefined": false
      },
      {
        "text": "division",
        "meta": "@Division",
        "alias": "Division",
        "userDefined": false
      },
      {
        "text": ", else continue. Don\u0027t forget to write the Quotient and the remainder.",
        "userDefined": false
      }
    ],
    "isTemplate": false,
    "count": 0,
    "lang": "en",
    "updated": 0
  }
]