[
  {
    "id": "e162737a-9603-4205-9289-44a7b947b385",
    "data": [
      {
        "text": "Now, the words that tell us to multiply are ",
        "userDefined": false
      },
      {
        "text": "product, of",
        "meta": "@Multiplication",
        "alias": "Multiplication1",
        "userDefined": false
      },
      {
        "text": ", ",
        "userDefined": false
      },
      {
        "text": "into",
        "meta": "@Multiplication",
        "alias": "Multiplication",
        "userDefined": false
      },
      {
        "text": ", etc",
        "userDefined": false
      }
    ],
    "isTemplate": false,
    "count": 0,
    "lang": "en",
    "updated": 0
  },
  {
    "id": "408f5d12-9d00-4ea5-86da-3c62ba5af6f6",
    "data": [
      {
        "text": "of",
        "userDefined": false
      }
    ],
    "isTemplate": false,
    "count": 0,
    "lang": "en",
    "updated": 0
  },
  {
    "id": "8b593102-1dbf-4070-9a6e-35272d27451c",
    "data": [
      {
        "text": "product",
        "meta": "@Multiplication",
        "alias": "Multiplication",
        "userDefined": false
      }
    ],
    "isTemplate": false,
    "count": 0,
    "lang": "en",
    "updated": 0
  },
  {
    "id": "f10457e9-88b9-476a-bf0d-002c2cb6a44e",
    "data": [
      {
        "text": "x",
        "meta": "@Multiplication",
        "alias": "Multiplication",
        "userDefined": false
      }
    ],
    "isTemplate": false,
    "count": 0,
    "lang": "en",
    "updated": 0
  },
  {
    "id": "9ec233d7-8409-48c4-a82f-9cf95ef56128",
    "data": [
      {
        "text": "multiply",
        "userDefined": false
      }
    ],
    "isTemplate": false,
    "count": 0,
    "lang": "en",
    "updated": 0
  },
  {
    "id": "f4f6da8a-5d5a-4d5a-b33c-9a34682f7344",
    "data": [
      {
        "text": "into",
        "meta": "@Multiplication",
        "alias": "Multiplication",
        "userDefined": false
      }
    ],
    "isTemplate": false,
    "count": 0,
    "lang": "en",
    "updated": 0
  },
  {
    "id": "d4f8370c-193e-4fd3-b46a-ed7c94bb6fde",
    "data": [
      {
        "text": "Times",
        "meta": "@Multiplication",
        "alias": "Multiplication",
        "userDefined": false
      }
    ],
    "isTemplate": false,
    "count": 0,
    "lang": "en",
    "updated": 0
  }
]