[
  {
    "id": "3230d193-ecd7-4a40-a7ce-481f30d8239c",
    "data": [
      {
        "text": "true",
        "userDefined": false
      }
    ],
    "isTemplate": false,
    "count": 0,
    "lang": "en",
    "updated": 0
  },
  {
    "id": "b56010d2-2c46-4fd6-b589-effdc7ca893b",
    "data": [
      {
        "text": "ture",
        "userDefined": false
      }
    ],
    "isTemplate": false,
    "count": 0,
    "lang": "en",
    "updated": 0
  },
  {
    "id": "9179fa52-8b92-4607-b76f-aca1eebc9e90",
    "data": [
      {
        "text": "Correct",
        "userDefined": false
      }
    ],
    "isTemplate": false,
    "count": 0,
    "lang": "en",
    "updated": 0
  },
  {
    "id": "4be75953-1e35-41a1-9fc0-563b59d739bb",
    "data": [
      {
        "text": "Bang On",
        "userDefined": false
      }
    ],
    "isTemplate": false,
    "count": 0,
    "lang": "en",
    "updated": 0
  },
  {
    "id": "eef29d42-d369-4d03-90ff-1443a74e3993",
    "data": [
      {
        "text": "Sure",
        "userDefined": false
      }
    ],
    "isTemplate": false,
    "count": 0,
    "lang": "en",
    "updated": 0
  },
  {
    "id": "24640fe8-150a-457c-babb-1ba1e53499fa",
    "data": [
      {
        "text": "Right",
        "userDefined": false
      }
    ],
    "isTemplate": false,
    "count": 0,
    "lang": "en",
    "updated": 0
  },
  {
    "id": "8e951481-930c-4865-b072-028f636bbef6",
    "data": [
      {
        "text": "Yes",
        "userDefined": false
      }
    ],
    "isTemplate": false,
    "count": 0,
    "lang": "en",
    "updated": 0
  }
]