[
  {
    "id": "179cc3cf-f7a7-46ce-bfdd-e0a52a6dbd44",
    "data": [
      {
        "text": "Precisely",
        "userDefined": false
      }
    ],
    "isTemplate": false,
    "count": 0,
    "lang": "en",
    "updated": 0
  },
  {
    "id": "1e0e1b5b-c88d-40de-a749-f394a2228554",
    "data": [
      {
        "text": "Beauty",
        "userDefined": false
      }
    ],
    "isTemplate": false,
    "count": 0,
    "lang": "en",
    "updated": 0
  },
  {
    "id": "0d796d17-5246-468a-b1d4-1e7834272466",
    "data": [
      {
        "text": "Nice",
        "userDefined": false
      }
    ],
    "isTemplate": false,
    "count": 0,
    "lang": "en",
    "updated": 0
  },
  {
    "id": "e4b9912f-8e84-43c1-a699-49f35874997e",
    "data": [
      {
        "text": "exactly",
        "userDefined": false
      }
    ],
    "isTemplate": false,
    "count": 0,
    "lang": "en",
    "updated": 0
  },
  {
    "id": "48c91208-bc62-4bd6-b08b-47b3ae01873b",
    "data": [
      {
        "text": "Perfect",
        "userDefined": false
      }
    ],
    "isTemplate": false,
    "count": 0,
    "lang": "en",
    "updated": 0
  },
  {
    "id": "112d0942-097c-41fd-915c-3507597629f0",
    "data": [
      {
        "text": "Yes",
        "userDefined": false
      }
    ],
    "isTemplate": false,
    "count": 0,
    "lang": "en",
    "updated": 0
  }
]