[
  {
    "id": "470186aa-9fdd-4b38-9176-8cf0d320dabe",
    "data": [
      {
        "text": "hey",
        "userDefined": false
      }
    ],
    "isTemplate": false,
    "count": 0,
    "lang": "en",
    "updated": 0
  },
  {
    "id": "36164c90-11b9-4820-8c4b-e92505486329",
    "data": [
      {
        "text": "Eklavya",
        "userDefined": false
      }
    ],
    "isTemplate": false,
    "count": 1,
    "lang": "en",
    "updated": 0
  },
  {
    "id": "eb18a086-1cb8-4e41-adf0-566d43a123ad",
    "data": [
      {
        "text": "Hi",
        "userDefined": false
      }
    ],
    "isTemplate": false,
    "count": 1,
    "lang": "en",
    "updated": 0
  },
  {
    "id": "79fa0736-6ed0-4732-a5a9-6d294c3d2d7f",
    "data": [
      {
        "text": "hi beautiful",
        "userDefined": false
      }
    ],
    "isTemplate": false,
    "count": 0,
    "lang": "en",
    "updated": 0
  },
  {
    "id": "c83bebd8-c026-4d84-88a3-454915adbcbc",
    "data": [
      {
        "text": "Hi beautifu;",
        "userDefined": false
      }
    ],
    "isTemplate": false,
    "count": 0,
    "lang": "en",
    "updated": 0
  },
  {
    "id": "ad12de3f-4ab5-4468-8e88-e95a85cf160a",
    "data": [
      {
        "text": "Hi there",
        "userDefined": false
      }
    ],
    "isTemplate": false,
    "count": 0,
    "lang": "en",
    "updated": 0
  },
  {
    "id": "ecb70e6c-5439-4c18-919b-74a5a53db617",
    "data": [
      {
        "text": "Naav kaye bala tuza?",
        "userDefined": false
      }
    ],
    "isTemplate": false,
    "count": 0,
    "lang": "en",
    "updated": 0
  },
  {
    "id": "e6ac14a5-f073-4bfb-8120-5bb96b8be42b",
    "data": [
      {
        "text": "name?",
        "userDefined": false
      }
    ],
    "isTemplate": false,
    "count": 0,
    "lang": "en",
    "updated": 0
  },
  {
    "id": "3fa5edef-2d8b-4255-91fa-e82c811c9ccb",
    "data": [
      {
        "text": "How are you?",
        "userDefined": false
      }
    ],
    "isTemplate": false,
    "count": 0,
    "lang": "en",
    "updated": 0
  },
  {
    "id": "19ed2efc-b0bf-4ecf-8efc-2b5821ed72c3",
    "data": [
      {
        "text": "How are you\u003e",
        "userDefined": false
      }
    ],
    "isTemplate": false,
    "count": 0,
    "lang": "en",
    "updated": 0
  },
  {
    "id": "c6625079-7d44-4fdb-8d6a-e53d0dce9743",
    "data": [
      {
        "text": "WHat time is it?",
        "userDefined": false
      }
    ],
    "isTemplate": false,
    "count": 0,
    "lang": "en",
    "updated": 0
  },
  {
    "id": "1b454407-57e6-4bc8-aef5-f6af73f677ee",
    "data": [
      {
        "text": "What is your name?",
        "userDefined": false
      }
    ],
    "isTemplate": false,
    "count": 0,
    "lang": "en",
    "updated": 0
  },
  {
    "id": "1b312d32-1e71-49e3-a818-76cd5a5aba6c",
    "data": [
      {
        "text": "Hey",
        "userDefined": false
      }
    ],
    "isTemplate": false,
    "count": 0,
    "lang": "en",
    "updated": 0
  },
  {
    "id": "1e868ed1-57a6-45c2-b565-e9d883630034",
    "data": [
      {
        "text": "Namaste",
        "userDefined": false
      }
    ],
    "isTemplate": false,
    "count": 0,
    "lang": "en",
    "updated": 0
  },
  {
    "id": "31f8c0e2-47ea-4b97-b35d-fa98dee34c72",
    "data": [
      {
        "text": "Namaskar",
        "userDefined": false
      }
    ],
    "isTemplate": false,
    "count": 0,
    "lang": "en",
    "updated": 0
  },
  {
    "id": "bf21ce83-7c36-475e-9f2f-c546450f7781",
    "data": [
      {
        "text": "Eklav",
        "userDefined": false
      }
    ],
    "isTemplate": false,
    "count": 0,
    "lang": "en",
    "updated": 0
  },
  {
    "id": "9b52115c-512b-4e45-8734-a57c87723b26",
    "data": [
      {
        "text": "Hey Eklavya",
        "userDefined": false
      }
    ],
    "isTemplate": false,
    "count": 0,
    "lang": "en",
    "updated": 0
  },
  {
    "id": "e41ea25b-38b8-421f-a318-92254358388b",
    "data": [
      {
        "text": "Hi EklavyaHey",
        "userDefined": false
      }
    ],
    "isTemplate": false,
    "count": 0,
    "lang": "en",
    "updated": 0
  },
  {
    "id": "5987f004-ac16-4835-9bf0-c22c0a60bf49",
    "data": [
      {
        "text": "Hi eklavya",
        "userDefined": false
      }
    ],
    "isTemplate": false,
    "count": 1,
    "lang": "en",
    "updated": 0
  },
  {
    "id": "5b1affc9-dc28-4083-94f8-dbf330a86d57",
    "data": [
      {
        "text": "Eklavay",
        "userDefined": false
      }
    ],
    "isTemplate": false,
    "count": 1,
    "lang": "en",
    "updated": 0
  },
  {
    "id": "655a2f1e-6653-4230-ae4b-a048d93942a3",
    "data": [
      {
        "text": "Eklavya!",
        "userDefined": false
      }
    ],
    "isTemplate": false,
    "count": 1,
    "lang": "en",
    "updated": 0
  },
  {
    "id": "843e4615-1786-475e-ab7a-1cd3998128dc",
    "data": [
      {
        "text": "Arjun",
        "userDefined": false
      }
    ],
    "isTemplate": false,
    "count": 1,
    "lang": "en",
    "updated": 0
  }
]