[
  {
    "id": "5c969f28-793f-4a2c-be2c-5e3d772e6087",
    "data": [
      {
        "text": "खरोखर नाही",
        "userDefined": true
      }
    ],
    "isTemplate": false,
    "count": 0,
    "lang": "mr",
    "updated": 0
  },
  {
    "id": "38fc9e29-b73c-4018-8a46-cd8cea6c9ff7",
    "data": [
      {
        "text": "नक्कीच नाही",
        "userDefined": true
      }
    ],
    "isTemplate": false,
    "count": 0,
    "lang": "mr",
    "updated": 0
  },
  {
    "id": "60271e10-4e17-454a-a96f-4771e9222901",
    "data": [
      {
        "text": "ते करू नका",
        "userDefined": true
      }
    ],
    "isTemplate": false,
    "count": 0,
    "lang": "mr",
    "updated": 0
  },
  {
    "id": "c77a59bf-900c-42e6-9c70-907f8b00e837",
    "data": [
      {
        "text": "मला असे वाटत नाही",
        "userDefined": true
      }
    ],
    "isTemplate": false,
    "count": 0,
    "lang": "mr",
    "updated": 0
  },
  {
    "id": "4cc4e560-ccbf-4ce2-8399-980bc7f9faa2",
    "data": [
      {
        "text": "मी सहमत नाही",
        "userDefined": true
      }
    ],
    "isTemplate": false,
    "count": 0,
    "lang": "mr",
    "updated": 0
  },
  {
    "id": "d6453cf9-7374-4d9e-99d6-e2a6d77f3888",
    "data": [
      {
        "text": "मला ते नको आहे",
        "userDefined": true
      }
    ],
    "isTemplate": false,
    "count": 0,
    "lang": "mr",
    "updated": 0
  },
  {
    "id": "5f79b24e-634f-4a4e-9ec7-f7b7c97d9b6c",
    "data": [
      {
        "text": "धन्यवाद पण नाही",
        "userDefined": true
      }
    ],
    "isTemplate": false,
    "count": 0,
    "lang": "mr",
    "updated": 0
  },
  {
    "id": "e1236b95-2462-4c3b-94af-ac0f6870a611",
    "data": [
      {
        "text": "नाही",
        "userDefined": true
      }
    ],
    "isTemplate": false,
    "count": 0,
    "lang": "mr",
    "updated": 0
  },
  {
    "id": "7710156a-37bd-44ca-a3f1-9f3a9ba3a013",
    "data": [
      {
        "text": "खरच नाही",
        "userDefined": false
      }
    ],
    "isTemplate": false,
    "count": 0,
    "lang": "mr",
    "updated": 0
  }
]