[
  {
    "id": "f87d5cbe-c846-4797-afb7-e25082d18f09",
    "data": [
      {
        "text": "Yes, definitely.",
        "userDefined": false
      }
    ],
    "isTemplate": false,
    "count": 0,
    "lang": "en",
    "updated": 0
  },
  {
    "id": "eefec48d-2a60-463f-bc3a-85b84f197f8c",
    "data": [
      {
        "text": "Yes, definitely",
        "userDefined": false
      }
    ],
    "isTemplate": false,
    "count": 0,
    "lang": "en",
    "updated": 0
  },
  {
    "id": "1341531a-9f94-45dd-a599-14c2372dc3e6",
    "data": [
      {
        "text": "100%",
        "meta": "@sys.percentage",
        "alias": "percentage",
        "userDefined": false
      }
    ],
    "isTemplate": false,
    "count": 0,
    "lang": "en",
    "updated": 0
  },
  {
    "id": "d88615af-7c7b-4588-a983-751d625aba75",
    "data": [
      {
        "text": "Definitely",
        "userDefined": false
      }
    ],
    "isTemplate": false,
    "count": 0,
    "lang": "en",
    "updated": 0
  },
  {
    "id": "1627ac5c-5688-4cd0-a8fc-60a51e2f7e91",
    "data": [
      {
        "text": "Obviously",
        "userDefined": false
      }
    ],
    "isTemplate": false,
    "count": 0,
    "lang": "en",
    "updated": 0
  },
  {
    "id": "cfb030d4-0731-4238-b21d-fd01fc362197",
    "data": [
      {
        "text": "Yes, obviouslt",
        "userDefined": false
      }
    ],
    "isTemplate": false,
    "count": 0,
    "lang": "en",
    "updated": 0
  },
  {
    "id": "03c4819a-dbf7-4a11-a43b-97f1ef38080e",
    "data": [
      {
        "text": "Sure",
        "userDefined": false
      }
    ],
    "isTemplate": false,
    "count": 0,
    "lang": "en",
    "updated": 0
  },
  {
    "id": "7c23c19e-7f32-46b0-aaa4-4432d88d5a14",
    "data": [
      {
        "text": "Yes",
        "userDefined": false
      }
    ],
    "isTemplate": false,
    "count": 0,
    "lang": "en",
    "updated": 0
  },
  {
    "id": "f4f4209f-0641-4079-b6da-6d76c14a577c",
    "data": [
      {
        "text": "Sure, okay",
        "userDefined": false
      }
    ],
    "isTemplate": false,
    "count": 0,
    "lang": "en",
    "updated": 0
  },
  {
    "id": "85d50c3c-1c4a-4386-9dd4-500f0c0b0f71",
    "data": [
      {
        "text": "Alright",
        "userDefined": false
      }
    ],
    "isTemplate": false,
    "count": 0,
    "lang": "en",
    "updated": 0
  },
  {
    "id": "df2367a5-a50f-4bb2-9a0a-ec752e9cd608",
    "data": [
      {
        "text": "Done",
        "userDefined": false
      }
    ],
    "isTemplate": false,
    "count": 0,
    "lang": "en",
    "updated": 0
  },
  {
    "id": "a81a168c-fd83-4cb1-b815-94d49dede3ac",
    "data": [
      {
        "text": "Cool",
        "userDefined": false
      }
    ],
    "isTemplate": false,
    "count": 0,
    "lang": "en",
    "updated": 0
  },
  {
    "id": "836b7849-7c32-4951-b763-8685aa68e3e6",
    "data": [
      {
        "text": "Okay",
        "userDefined": false
      }
    ],
    "isTemplate": false,
    "count": 1,
    "lang": "en",
    "updated": 0
  },
  {
    "id": "24d63f9d-1e1f-4913-bd6c-bae07f296bcd",
    "data": [
      {
        "text": "Yes, sure",
        "userDefined": false
      }
    ],
    "isTemplate": false,
    "count": 1,
    "lang": "en",
    "updated": 0
  },
  {
    "id": "585a0262-c5c0-437e-a56b-bb44cf49aee1",
    "data": [
      {
        "text": "GO on",
        "userDefined": false
      }
    ],
    "isTemplate": false,
    "count": 1,
    "lang": "en",
    "updated": 0
  },
  {
    "id": "3b1bf934-55b7-4c7d-9a40-2d01dad78590",
    "data": [
      {
        "text": "Yes, why not?",
        "userDefined": false
      }
    ],
    "isTemplate": false,
    "count": 1,
    "lang": "en",
    "updated": 0
  },
  {
    "id": "81b6f9f1-1876-434c-af90-35f84662d95f",
    "data": [
      {
        "text": "Do ask",
        "userDefined": false
      }
    ],
    "isTemplate": false,
    "count": 1,
    "lang": "en",
    "updated": 0
  }
]