[
  {
    "id": "de8822dd-b65e-4eb9-bc77-520421c99bb1",
    "data": [
      {
        "text": " Percentages are frequently used in everyday life. It is used to compare values, quantify changes, and to calculate amount represented by an increase or decrease",
        "userDefined": false
      }
    ],
    "isTemplate": false,
    "count": 0,
    "lang": "en",
    "updated": 0
  },
  {
    "id": "00b5502f-7a60-4443-a460-28f33313b811",
    "data": [
      {
        "text": " ",
        "userDefined": false
      },
      {
        "text": "Percentages",
        "meta": "@Percent",
        "alias": "Percent",
        "userDefined": false
      },
      {
        "text": " are frequently used in everyday life. The symbol, %, is used to compare values, quantify changes, ",
        "userDefined": false
      },
      {
        "text": "and",
        "meta": "@Multiplication",
        "alias": "Multiplication",
        "userDefined": false
      },
      {
        "text": " to calculate amount represented ",
        "userDefined": false
      },
      {
        "text": "by",
        "meta": "@Multiplication",
        "alias": "Multiplication1",
        "userDefined": false
      },
      {
        "text": " an increase or decrease",
        "userDefined": false
      }
    ],
    "isTemplate": false,
    "count": 0,
    "lang": "en",
    "updated": 0
  },
  {
    "id": "44e8d19b-48e0-4350-b1fe-ed7a49ad47f2",
    "data": [
      {
        "text": "Percentage",
        "meta": "@Percent",
        "alias": "Percent",
        "userDefined": false
      },
      {
        "text": " is used to compare values, quantify changes",
        "userDefined": false
      }
    ],
    "isTemplate": false,
    "count": 0,
    "lang": "en",
    "updated": 0
  },
  {
    "id": "930556c5-4bdd-467d-bf3d-723e93ab68f9",
    "data": [
      {
        "text": "Any ratio can be expressed in terms ",
        "userDefined": false
      },
      {
        "text": "of",
        "meta": "@Multiplication",
        "alias": "Multiplication",
        "userDefined": false
      },
      {
        "text": " ",
        "userDefined": false
      },
      {
        "text": "percentage",
        "meta": "@Percent",
        "alias": "Percent",
        "userDefined": false
      }
    ],
    "isTemplate": false,
    "count": 0,
    "lang": "en",
    "updated": 0
  },
  {
    "id": "7f420069-83fa-4249-a2e4-671bec4481ff",
    "data": [
      {
        "text": "Marks scored in an exam",
        "userDefined": false
      }
    ],
    "isTemplate": false,
    "count": 0,
    "lang": "en",
    "updated": 0
  },
  {
    "id": "e246c600-4756-423c-bfa2-f262335f5e99",
    "data": [
      {
        "text": "It can be used to solve problems",
        "userDefined": false
      }
    ],
    "isTemplate": false,
    "count": 0,
    "lang": "en",
    "updated": 0
  },
  {
    "id": "2d80bffa-309f-43db-afc2-9d7473e3be95",
    "data": [
      {
        "text": " I need to think about it",
        "userDefined": false
      }
    ],
    "isTemplate": false,
    "count": 0,
    "lang": "en",
    "updated": 0
  },
  {
    "id": "d1503110-a709-4478-a826-bba5734a5738",
    "data": [
      {
        "text": "I need to think about",
        "userDefined": false
      }
    ],
    "isTemplate": false,
    "count": 0,
    "lang": "en",
    "updated": 0
  },
  {
    "id": "756b9866-7ae7-41db-9de0-9b1a0e005cff",
    "data": [
      {
        "text": "I don\u0027t know",
        "userDefined": false
      }
    ],
    "isTemplate": false,
    "count": 0,
    "lang": "en",
    "updated": 0
  },
  {
    "id": "b361e1e8-f67c-461d-a35b-41ffa4e9aa38",
    "data": [
      {
        "text": "So Eklavya, It is used in ",
        "userDefined": false
      },
      {
        "text": "multiple fields ranging",
        "meta": "@sys.location",
        "alias": "location",
        "userDefined": false
      },
      {
        "text": " from marks scored in an exam to find the number of educated people in ",
        "userDefined": false
      },
      {
        "text": "India",
        "meta": "@sys.geo-country",
        "alias": "geo-country",
        "userDefined": false
      },
      {
        "text": ", rainfall corresponding to average, accuracy of machines and so on.",
        "userDefined": false
      }
    ],
    "isTemplate": false,
    "count": 0,
    "lang": "en",
    "updated": 0
  }
]