[
  {
    "id": "4876ebf6-073f-4950-bef2-0703c47a7f56",
    "data": [
      {
        "text": "होय",
        "userDefined": true
      }
    ],
    "isTemplate": false,
    "count": 0,
    "lang": "mr",
    "updated": 0
  },
  {
    "id": "22b6fa9b-5cfc-4421-9533-d0cc141d2fe9",
    "data": [
      {
        "text": "ते करा",
        "userDefined": true
      }
    ],
    "isTemplate": false,
    "count": 0,
    "lang": "mr",
    "updated": 0
  },
  {
    "id": "375630ac-133c-41d8-bb50-4a922496d1bc",
    "data": [
      {
        "text": "नक्की",
        "userDefined": true
      }
    ],
    "isTemplate": false,
    "count": 0,
    "lang": "mr",
    "updated": 0
  },
  {
    "id": "ed66ff1c-3e34-4b51-a6c9-e96babf2091e",
    "data": [
      {
        "text": "तंतोतंत",
        "userDefined": true
      }
    ],
    "isTemplate": false,
    "count": 0,
    "lang": "mr",
    "updated": 0
  },
  {
    "id": "c7f07e4c-bddb-40c3-b8b2-1439cf382844",
    "data": [
      {
        "text": "पुष्टी करा",
        "userDefined": true
      }
    ],
    "isTemplate": false,
    "count": 0,
    "lang": "mr",
    "updated": 0
  },
  {
    "id": "96a88118-c9a2-4354-a2e4-6a4584230a77",
    "data": [
      {
        "text": "अर्थातच",
        "userDefined": true
      }
    ],
    "isTemplate": false,
    "count": 0,
    "lang": "mr",
    "updated": 0
  },
  {
    "id": "0084a7b2-d58c-4b44-ae71-e13d10cc73f8",
    "data": [
      {
        "text": "छान वाटते",
        "userDefined": true
      }
    ],
    "isTemplate": false,
    "count": 0,
    "lang": "mr",
    "updated": 0
  },
  {
    "id": "9677254b-cf92-4795-98a6-39b9c3e12d66",
    "data": [
      {
        "text": "ते बरोबर आहे",
        "userDefined": true
      }
    ],
    "isTemplate": false,
    "count": 0,
    "lang": "mr",
    "updated": 0
  },
  {
    "id": "433e1c13-f56b-47c0-bc0e-67c126cee105",
    "data": [
      {
        "text": "मला काही हरकत नाही",
        "userDefined": true
      }
    ],
    "isTemplate": false,
    "count": 0,
    "lang": "mr",
    "updated": 0
  },
  {
    "id": "0b28a520-fcb9-40f3-bde6-3db54af20e78",
    "data": [
      {
        "text": "मी सहमत आहे",
        "userDefined": true
      }
    ],
    "isTemplate": false,
    "count": 0,
    "lang": "mr",
    "updated": 0
  }
]