[
  {
    "id": "dba6eb16-ecdd-4c81-a408-238f53414fda",
    "data": [
      {
        "text": "खरोखर नाही",
        "userDefined": true
      }
    ],
    "isTemplate": false,
    "count": 0,
    "lang": "mr",
    "updated": 0
  },
  {
    "id": "6d2fd998-38b3-4fc6-9db4-090283611bab",
    "data": [
      {
        "text": "नक्कीच नाही",
        "userDefined": true
      }
    ],
    "isTemplate": false,
    "count": 0,
    "lang": "mr",
    "updated": 0
  },
  {
    "id": "7cd56298-812a-43a6-9d6f-7a1ae543ff74",
    "data": [
      {
        "text": "ते करू नका",
        "userDefined": true
      }
    ],
    "isTemplate": false,
    "count": 0,
    "lang": "mr",
    "updated": 0
  },
  {
    "id": "0e15a310-963b-4a3b-a72d-0feb4c01fbbf",
    "data": [
      {
        "text": "मला असे वाटत नाही",
        "userDefined": true
      }
    ],
    "isTemplate": false,
    "count": 0,
    "lang": "mr",
    "updated": 0
  },
  {
    "id": "5e555d5b-aaaf-4269-a0d6-ac4bdd34daec",
    "data": [
      {
        "text": "मी सहमत नाही",
        "userDefined": true
      }
    ],
    "isTemplate": false,
    "count": 0,
    "lang": "mr",
    "updated": 0
  },
  {
    "id": "dd5957b0-6474-4728-93d3-3e13977adccb",
    "data": [
      {
        "text": "मला ते नको आहे",
        "userDefined": true
      }
    ],
    "isTemplate": false,
    "count": 0,
    "lang": "mr",
    "updated": 0
  },
  {
    "id": "4e992087-fdec-4472-b6b6-c568f36f70c3",
    "data": [
      {
        "text": "धन्यवाद पण नाही",
        "userDefined": true
      }
    ],
    "isTemplate": false,
    "count": 0,
    "lang": "mr",
    "updated": 0
  },
  {
    "id": "d9b7ca9e-783c-4928-b274-2e1cf8ec2740",
    "data": [
      {
        "text": "नाही",
        "userDefined": true
      }
    ],
    "isTemplate": false,
    "count": 0,
    "lang": "mr",
    "updated": 0
  },
  {
    "id": "d072ba64-bcfe-4fd0-b328-5e1dce0b9e5d",
    "data": [
      {
        "text": "खरच नाही",
        "userDefined": false
      }
    ],
    "isTemplate": false,
    "count": 0,
    "lang": "mr",
    "updated": 0
  }
]