[
  {
    "id": "eea2a2e0-b1b3-4781-bd7c-bc3d7191ec03",
    "data": [
      {
        "text": "खरोखर नाही",
        "userDefined": true
      }
    ],
    "isTemplate": false,
    "count": 0,
    "lang": "mr",
    "updated": 0
  },
  {
    "id": "1adbe7b2-f20c-4586-8871-39a924aee90d",
    "data": [
      {
        "text": "नक्कीच नाही",
        "userDefined": true
      }
    ],
    "isTemplate": false,
    "count": 0,
    "lang": "mr",
    "updated": 0
  },
  {
    "id": "77d15d74-0331-463b-9fe6-fb17bdc4f525",
    "data": [
      {
        "text": "ते करू नका",
        "userDefined": true
      }
    ],
    "isTemplate": false,
    "count": 0,
    "lang": "mr",
    "updated": 0
  },
  {
    "id": "416ee585-d37e-4530-ab5f-37c936c0b18c",
    "data": [
      {
        "text": "मला असे वाटत नाही",
        "userDefined": true
      }
    ],
    "isTemplate": false,
    "count": 0,
    "lang": "mr",
    "updated": 0
  },
  {
    "id": "6859f8f0-1ec8-4f16-aec1-c1a4ed2bce2e",
    "data": [
      {
        "text": "मी सहमत नाही",
        "userDefined": true
      }
    ],
    "isTemplate": false,
    "count": 0,
    "lang": "mr",
    "updated": 0
  },
  {
    "id": "9a83a2fa-a525-447b-9697-28132b95bc81",
    "data": [
      {
        "text": "मला ते नको आहे",
        "userDefined": true
      }
    ],
    "isTemplate": false,
    "count": 0,
    "lang": "mr",
    "updated": 0
  },
  {
    "id": "7d6cb351-08e1-48f5-83c1-3b78bd382371",
    "data": [
      {
        "text": "धन्यवाद पण नाही",
        "userDefined": true
      }
    ],
    "isTemplate": false,
    "count": 0,
    "lang": "mr",
    "updated": 0
  },
  {
    "id": "3bf8ad14-fc2b-4b76-8256-e74debcbe479",
    "data": [
      {
        "text": "नाही",
        "userDefined": true
      }
    ],
    "isTemplate": false,
    "count": 0,
    "lang": "mr",
    "updated": 0
  },
  {
    "id": "dcd821e9-fb46-4cf0-b7ec-4fcbd71f2045",
    "data": [
      {
        "text": "खरच नाही",
        "userDefined": false
      }
    ],
    "isTemplate": false,
    "count": 0,
    "lang": "mr",
    "updated": 0
  }
]