[
  {
    "id": "36cc5865-24b5-48be-bf8b-75af8ac7a177",
    "data": [
      {
        "text": "होय",
        "userDefined": true
      }
    ],
    "isTemplate": false,
    "count": 0,
    "lang": "mr",
    "updated": 0
  },
  {
    "id": "eccb56a3-c85e-4cd1-aab3-54a2a7260cf2",
    "data": [
      {
        "text": "ते करा",
        "userDefined": true
      }
    ],
    "isTemplate": false,
    "count": 0,
    "lang": "mr",
    "updated": 0
  },
  {
    "id": "b1aeba1d-be3c-4ca0-b9c9-d592adf430cb",
    "data": [
      {
        "text": "नक्की",
        "userDefined": true
      }
    ],
    "isTemplate": false,
    "count": 0,
    "lang": "mr",
    "updated": 0
  },
  {
    "id": "ecefe3c0-4ba4-4adb-bc9b-847fc4af72df",
    "data": [
      {
        "text": "तंतोतंत",
        "userDefined": true
      }
    ],
    "isTemplate": false,
    "count": 0,
    "lang": "mr",
    "updated": 0
  },
  {
    "id": "9e2f6a50-0d61-435c-9515-187190e4d62d",
    "data": [
      {
        "text": "पुष्टी करा",
        "userDefined": true
      }
    ],
    "isTemplate": false,
    "count": 0,
    "lang": "mr",
    "updated": 0
  },
  {
    "id": "9bf911b2-a6e7-4a9b-b3b1-862d6095863f",
    "data": [
      {
        "text": "अर्थातच",
        "userDefined": true
      }
    ],
    "isTemplate": false,
    "count": 0,
    "lang": "mr",
    "updated": 0
  },
  {
    "id": "03153b89-08fb-48d9-8b27-e961f36f8272",
    "data": [
      {
        "text": "छान वाटते",
        "userDefined": true
      }
    ],
    "isTemplate": false,
    "count": 0,
    "lang": "mr",
    "updated": 0
  },
  {
    "id": "a8533fe9-398f-457e-af8f-39f51bab8f2e",
    "data": [
      {
        "text": "ते बरोबर आहे",
        "userDefined": true
      }
    ],
    "isTemplate": false,
    "count": 0,
    "lang": "mr",
    "updated": 0
  },
  {
    "id": "5b0f593d-375c-4817-aac3-4f499eaa19c8",
    "data": [
      {
        "text": "मला काही हरकत नाही",
        "userDefined": true
      }
    ],
    "isTemplate": false,
    "count": 0,
    "lang": "mr",
    "updated": 0
  },
  {
    "id": "ffb8b0f8-0c3f-433d-97e0-accc38a568ee",
    "data": [
      {
        "text": "मी सहमत आहे",
        "userDefined": true
      }
    ],
    "isTemplate": false,
    "count": 0,
    "lang": "mr",
    "updated": 0
  }
]