[
  {
    "id": "272d015b-00b2-43bd-9557-c858854a5925",
    "data": [
      {
        "text": "nihar",
        "meta": "@sys.any",
        "alias": "name",
        "userDefined": false
      }
    ],
    "isTemplate": false,
    "count": 0,
    "lang": "en",
    "updated": 0
  },
  {
    "id": "04bc6bb6-2b6b-4103-a5fa-99b5623f7aec",
    "data": [
      {
        "text": "Tejas",
        "meta": "@sys.any",
        "alias": "name",
        "userDefined": false
      }
    ],
    "isTemplate": false,
    "count": 0,
    "lang": "en",
    "updated": 0
  },
  {
    "id": "30da0c32-94f3-4e64-8b14-1fdde2ef0e14",
    "data": [
      {
        "text": "My name is Nihar",
        "userDefined": false
      }
    ],
    "isTemplate": false,
    "count": 0,
    "lang": "en",
    "updated": 0
  },
  {
    "id": "951bad10-ea03-4a7b-bd21-92c7efbdfa4e",
    "data": [
      {
        "text": "Call me ",
        "userDefined": false
      },
      {
        "text": "Nihar",
        "meta": "@sys.any",
        "alias": "name",
        "userDefined": true
      }
    ],
    "isTemplate": false,
    "count": 0,
    "lang": "en",
    "updated": 0
  },
  {
    "id": "7f497e09-3cea-4403-9034-0f9abee2146a",
    "data": [
      {
        "text": "Maza naav ",
        "userDefined": false
      },
      {
        "text": "Nihar",
        "meta": "@sys.any",
        "alias": "name",
        "userDefined": true
      },
      {
        "text": " ahe",
        "userDefined": false
      }
    ],
    "isTemplate": false,
    "count": 0,
    "lang": "en",
    "updated": 0
  },
  {
    "id": "91381820-0129-4d5c-9019-3a27699bbbce",
    "data": [
      {
        "text": "Mera naam ",
        "userDefined": false
      },
      {
        "text": "Nihar",
        "meta": "@sys.any",
        "alias": "name",
        "userDefined": true
      },
      {
        "text": " hain",
        "userDefined": false
      }
    ],
    "isTemplate": false,
    "count": 0,
    "lang": "en",
    "updated": 0
  },
  {
    "id": "a3aeb47e-7d8f-4370-80de-98787782b8b8",
    "data": [
      {
        "text": "Call me ",
        "userDefined": false
      },
      {
        "text": "by",
        "meta": "@Multiplication",
        "alias": "Multiplication",
        "userDefined": false
      },
      {
        "text": " the name of ",
        "userDefined": false
      },
      {
        "text": "Nihar",
        "meta": "@sys.any",
        "alias": "name",
        "userDefined": true
      }
    ],
    "isTemplate": false,
    "count": 0,
    "lang": "en",
    "updated": 0
  },
  {
    "id": "8c0dc28c-0636-4ea4-baee-2fa3e44881a4",
    "data": [
      {
        "text": "Call me as ",
        "userDefined": false
      },
      {
        "text": "Nihar",
        "meta": "@sys.any",
        "alias": "name",
        "userDefined": true
      }
    ],
    "isTemplate": false,
    "count": 0,
    "lang": "en",
    "updated": 0
  },
  {
    "id": "d9f77342-067c-4b77-ac08-603f28cfcfb3",
    "data": [
      {
        "text": "I am known as ",
        "userDefined": false
      },
      {
        "text": "Nihar",
        "meta": "@sys.any",
        "alias": "name",
        "userDefined": true
      }
    ],
    "isTemplate": false,
    "count": 0,
    "lang": "en",
    "updated": 0
  },
  {
    "id": "472af2ed-e892-43af-a9ac-2d1634aea715",
    "data": [
      {
        "text": "You can call me ",
        "userDefined": false
      },
      {
        "text": "Nihar",
        "meta": "@sys.any",
        "alias": "name",
        "userDefined": true
      }
    ],
    "isTemplate": false,
    "count": 0,
    "lang": "en",
    "updated": 0
  },
  {
    "id": "00cbb203-bde8-4dde-9a4e-b11025a3774f",
    "data": [
      {
        "text": "My name is ",
        "userDefined": false
      },
      {
        "text": "Nihar",
        "meta": "@sys.any",
        "alias": "name",
        "userDefined": true
      }
    ],
    "isTemplate": false,
    "count": 0,
    "lang": "en",
    "updated": 0
  },
  {
    "id": "9f55167f-0ef1-45ea-bf0a-0d40ac4dd2dd",
    "data": [
      {
        "text": "Simona",
        "meta": "@sys.any",
        "alias": "name",
        "userDefined": true
      }
    ],
    "isTemplate": false,
    "count": 2,
    "lang": "en",
    "updated": 0
  },
  {
    "id": "c02d33c2-ab05-481e-9104-9ef2428c8125",
    "data": [
      {
        "text": "Laxman",
        "meta": "@sys.any",
        "alias": "name",
        "userDefined": true
      }
    ],
    "isTemplate": false,
    "count": 0,
    "lang": "en",
    "updated": 0
  }
]