[
  {
    "id": "80e4dd59-54ba-49a2-9691-954ba652f068",
    "data": [
      {
        "text": "Yes",
        "userDefined": false
      }
    ],
    "isTemplate": false,
    "count": 1,
    "lang": "en",
    "updated": 0
  },
  {
    "id": "66ce6c08-9bca-4bde-a747-4bd2afa1aa9f",
    "data": [
      {
        "text": "Yes, definitely. I would love to help you solve a problem.",
        "userDefined": false
      }
    ],
    "isTemplate": false,
    "count": 0,
    "lang": "en",
    "updated": 0
  },
  {
    "id": "ffc492a0-b335-4912-9141-a766a69c2ab0",
    "data": [
      {
        "text": "Yes my man! I would love to help you solve a homework problem.",
        "userDefined": false
      }
    ],
    "isTemplate": false,
    "count": 0,
    "lang": "en",
    "updated": 0
  },
  {
    "id": "1ec02f16-2cb0-4162-83c5-22bdf3db32a2",
    "data": [
      {
        "text": "Yes my man",
        "userDefined": false
      }
    ],
    "isTemplate": false,
    "count": 0,
    "lang": "en",
    "updated": 0
  },
  {
    "id": "deb953c8-4baf-49c6-bdcb-a77582fe0818",
    "data": [
      {
        "text": "Yes surely! I would love to help you solve a homework problem.",
        "userDefined": false
      }
    ],
    "isTemplate": false,
    "count": 0,
    "lang": "en",
    "updated": 0
  },
  {
    "id": "e017821a-6136-4bf9-9bf2-d0d53c766ef6",
    "data": [
      {
        "text": "For sure! I would love to help you solve a homework problem.",
        "userDefined": false
      }
    ],
    "isTemplate": false,
    "count": 0,
    "lang": "en",
    "updated": 0
  },
  {
    "id": "1c974def-fb61-4e6e-ac97-666e6cba3c41",
    "data": [
      {
        "text": "Yes definitely! I would love to help you solve a homework problem.",
        "userDefined": false
      }
    ],
    "isTemplate": false,
    "count": 0,
    "lang": "en",
    "updated": 0
  },
  {
    "id": "c4a444a1-9b7e-4e38-9d41-e617cb04eef9",
    "data": [
      {
        "text": "I am an amazing human being ",
        "userDefined": false
      },
      {
        "text": "and",
        "meta": "@Multiplication",
        "alias": "Multiplication",
        "userDefined": false
      },
      {
        "text": " will try to help others with their problems. Yours is a mathematical one. Do tell me, what is it?",
        "userDefined": false
      }
    ],
    "isTemplate": false,
    "count": 0,
    "lang": "en",
    "updated": 0
  },
  {
    "id": "4dc6745c-c7bd-41b3-9d2e-bf810f36f1e9",
    "data": [
      {
        "text": "Anytime",
        "userDefined": false
      }
    ],
    "isTemplate": false,
    "count": 0,
    "lang": "en",
    "updated": 0
  },
  {
    "id": "c650c0a1-b780-4284-9b53-4b5fa861de3c",
    "data": [
      {
        "text": "Anytime man",
        "userDefined": false
      }
    ],
    "isTemplate": false,
    "count": 0,
    "lang": "en",
    "updated": 0
  },
  {
    "id": "95bb0341-6edb-40de-8ef4-9a26d6fd03d7",
    "data": [
      {
        "text": "Cool",
        "userDefined": false
      }
    ],
    "isTemplate": false,
    "count": 0,
    "lang": "en",
    "updated": 0
  },
  {
    "id": "beead26c-3048-441e-a913-94c9fbc9e152",
    "data": [
      {
        "text": "Sure",
        "userDefined": false
      }
    ],
    "isTemplate": false,
    "count": 0,
    "lang": "en",
    "updated": 0
  },
  {
    "id": "418f7790-d6c9-4a29-809c-37b63bed6929",
    "data": [
      {
        "text": "I would definitely help you solve your homework problem.",
        "userDefined": false
      }
    ],
    "isTemplate": false,
    "count": 0,
    "lang": "en",
    "updated": 0
  },
  {
    "id": "9c53c66e-b853-4860-8c2e-3e8082c735ad",
    "data": [
      {
        "text": "Yes, I would definitely help you solve your homework problem. What is it?",
        "userDefined": false
      }
    ],
    "isTemplate": false,
    "count": 0,
    "lang": "en",
    "updated": 0
  },
  {
    "id": "209f0e08-ff55-496d-8cdc-7e6acdfd56f6",
    "data": [
      {
        "text": "say",
        "userDefined": false
      }
    ],
    "isTemplate": false,
    "count": 0,
    "lang": "en",
    "updated": 0
  },
  {
    "id": "251ed96c-6a98-4bac-9c9e-dc13f622a6ca",
    "data": [
      {
        "text": "ask",
        "userDefined": false
      }
    ],
    "isTemplate": false,
    "count": 0,
    "lang": "en",
    "updated": 0
  },
  {
    "id": "9233ef5e-6d76-47fd-adc3-3ee9e8ed48a3",
    "data": [
      {
        "text": "just ask",
        "userDefined": false
      }
    ],
    "isTemplate": false,
    "count": 0,
    "lang": "en",
    "updated": 0
  },
  {
    "id": "f551346e-f0e2-429a-b8a3-02c945879deb",
    "data": [
      {
        "text": "Aap hukum do janaab",
        "userDefined": false
      }
    ],
    "isTemplate": false,
    "count": 1,
    "lang": "en",
    "updated": 0
  },
  {
    "id": "9c4d3ef5-4276-4984-a20e-aadbd5989e8d",
    "data": [
      {
        "text": "Yes, I would definitely help you solve a problem",
        "userDefined": false
      }
    ],
    "isTemplate": false,
    "count": 0,
    "lang": "en",
    "updated": 0
  },
  {
    "id": "3af83431-39d4-450d-b884-865c986b0350",
    "data": [
      {
        "text": "I would definitely help you solve a problem",
        "userDefined": false
      }
    ],
    "isTemplate": false,
    "count": 0,
    "lang": "en",
    "updated": 0
  },
  {
    "id": "8de6ba30-20c2-482e-9dea-d3dd8d7038da",
    "data": [
      {
        "text": "I would help you solve a problem",
        "userDefined": false
      }
    ],
    "isTemplate": false,
    "count": 0,
    "lang": "en",
    "updated": 0
  },
  {
    "id": "019294be-74ae-41af-b780-40e9b9258ca8",
    "data": [
      {
        "text": "Obviously yes",
        "userDefined": false
      }
    ],
    "isTemplate": false,
    "count": 0,
    "lang": "en",
    "updated": 0
  },
  {
    "id": "a0c03f61-b32b-463e-b5ef-7aae796d7a84",
    "data": [
      {
        "text": "Definitely",
        "userDefined": false
      }
    ],
    "isTemplate": false,
    "count": 0,
    "lang": "en",
    "updated": 0
  },
  {
    "id": "b36235fd-5ce1-440a-8f42-0296d554d8ea",
    "data": [
      {
        "text": "Yes, definitely",
        "userDefined": false
      }
    ],
    "isTemplate": false,
    "count": 0,
    "lang": "en",
    "updated": 0
  },
  {
    "id": "e249dd37-c463-4596-a4af-d3dda9fe5528",
    "data": [
      {
        "text": "Sure. WHat is it?",
        "userDefined": false
      }
    ],
    "isTemplate": false,
    "count": 0,
    "lang": "en",
    "updated": 0
  },
  {
    "id": "86fc9b45-523e-41f0-8228-f9bb1b12a5d8",
    "data": [
      {
        "text": "YesSure",
        "userDefined": false
      }
    ],
    "isTemplate": false,
    "count": 0,
    "lang": "en",
    "updated": 0
  },
  {
    "id": "050c50a4-1eba-4aa5-b5e5-5188e08a9603",
    "data": [
      {
        "text": "Sure!",
        "userDefined": false
      }
    ],
    "isTemplate": false,
    "count": 0,
    "lang": "en",
    "updated": 0
  }
]