[
  {
    "id": "a1699162-96c5-4ca8-a4e3-f6934742e818",
    "data": [
      {
        "text": "a percent means \u0027one hundredth of a part\u0027",
        "userDefined": false
      }
    ],
    "isTemplate": false,
    "count": 0,
    "lang": "en",
    "updated": 0
  },
  {
    "id": "feaf9902-c763-441a-8426-8c9b294527ef",
    "data": [
      {
        "text": "so a percent is a name for a part",
        "userDefined": false
      }
    ],
    "isTemplate": false,
    "count": 0,
    "lang": "en",
    "updated": 0
  }
]