[
  {
    "id": "c8966ff0-ae0b-4308-9a96-0a6167e98a16",
    "data": [
      {
        "text": "dividing a number ",
        "userDefined": false
      },
      {
        "text": "by",
        "meta": "@Multiplication",
        "alias": "Multiplication",
        "userDefined": false
      },
      {
        "text": " ",
        "userDefined": false
      },
      {
        "text": "100",
        "meta": "@sys.number",
        "alias": "number",
        "userDefined": false
      }
    ],
    "isTemplate": false,
    "count": 0,
    "lang": "en",
    "updated": 0
  },
  {
    "id": "f8c279ff-a1aa-4f82-9e90-d296e3511bfe",
    "data": [
      {
        "text": "divided by",
        "meta": "@Division",
        "alias": "Division",
        "userDefined": false
      },
      {
        "text": " ",
        "userDefined": false
      },
      {
        "text": "100",
        "meta": "@sys.number",
        "alias": "number",
        "userDefined": false
      }
    ],
    "isTemplate": false,
    "count": 0,
    "lang": "en",
    "updated": 0
  },
  {
    "id": "be9b61ca-954b-4d7a-bf80-e8ced4887c9f",
    "data": [
      {
        "text": "/100",
        "userDefined": false
      }
    ],
    "isTemplate": false,
    "count": 0,
    "lang": "en",
    "updated": 0
  },
  {
    "id": "fef72bd6-90b0-4ed7-acc0-f4b7c2a16d73",
    "data": [
      {
        "text": "Percentage",
        "meta": "@Percent",
        "alias": "Percent",
        "userDefined": false
      },
      {
        "text": " is a number or ratio that represents a fraction ",
        "userDefined": false
      },
      {
        "text": "of",
        "meta": "@Multiplication",
        "alias": "Multiplication",
        "userDefined": false
      },
      {
        "text": " ",
        "userDefined": false
      },
      {
        "text": "100",
        "meta": "@sys.number",
        "alias": "number",
        "userDefined": false
      }
    ],
    "isTemplate": false,
    "count": 0,
    "lang": "en",
    "updated": 0
  },
  {
    "id": "01cf4ab8-4bc4-4f8b-9695-5b2f8698deec",
    "data": [
      {
        "text": "Ratio ",
        "userDefined": false
      },
      {
        "text": "of",
        "meta": "@Multiplication",
        "alias": "Multiplication",
        "userDefined": false
      },
      {
        "text": " a number where the ",
        "userDefined": false
      },
      {
        "text": "denominator",
        "meta": "@Fractions",
        "alias": "Fractions",
        "userDefined": false
      },
      {
        "text": " is always ",
        "userDefined": false
      },
      {
        "text": "100",
        "meta": "@sys.number",
        "alias": "number",
        "userDefined": false
      }
    ],
    "isTemplate": false,
    "count": 0,
    "lang": "en",
    "updated": 0
  },
  {
    "id": "9d926a45-80d6-4e0e-a00a-5d06613761c8",
    "data": [
      {
        "text": "ratio ",
        "userDefined": false
      },
      {
        "text": "by",
        "meta": "@Multiplication",
        "alias": "Multiplication",
        "userDefined": false
      },
      {
        "text": " ",
        "userDefined": false
      },
      {
        "text": "100",
        "meta": "@sys.number",
        "alias": "number",
        "userDefined": false
      }
    ],
    "isTemplate": false,
    "count": 0,
    "lang": "en",
    "updated": 0
  },
  {
    "id": "c4946c1b-4327-4929-951d-1886f9564edb",
    "data": [
      {
        "text": "In mathematics, a ",
        "userDefined": false
      },
      {
        "text": "percentage",
        "meta": "@Percent",
        "alias": "Percent",
        "userDefined": false
      },
      {
        "text": " is a number or ratio expressed as a fraction ",
        "userDefined": false
      },
      {
        "text": "of",
        "meta": "@Multiplication",
        "alias": "Multiplication",
        "userDefined": false
      },
      {
        "text": " ",
        "userDefined": false
      },
      {
        "text": "100",
        "meta": "@sys.number",
        "alias": "number",
        "userDefined": false
      },
      {
        "text": ". It is often denoted using the ",
        "userDefined": false
      },
      {
        "text": "percent",
        "meta": "@Percent",
        "alias": "Percent1",
        "userDefined": false
      },
      {
        "text": " sign, \"%\"",
        "userDefined": false
      }
    ],
    "isTemplate": false,
    "count": 0,
    "lang": "en",
    "updated": 0
  },
  {
    "id": "c44dd2aa-bb26-4048-8e4b-dec3b836a87f",
    "data": [
      {
        "text": "to ",
        "userDefined": false
      },
      {
        "text": "divide",
        "meta": "@Division",
        "alias": "Division",
        "userDefined": false
      },
      {
        "text": " a number ",
        "userDefined": false
      },
      {
        "text": "by",
        "meta": "@Multiplication",
        "alias": "Multiplication",
        "userDefined": false
      },
      {
        "text": " ",
        "userDefined": false
      },
      {
        "text": "100",
        "meta": "@sys.number",
        "alias": "number",
        "userDefined": false
      },
      {
        "text": " is known as taking its ",
        "userDefined": false
      },
      {
        "text": "percentage",
        "meta": "@Percent",
        "alias": "Percent",
        "userDefined": false
      },
      {
        "text": " value",
        "userDefined": false
      }
    ],
    "isTemplate": false,
    "count": 0,
    "lang": "en",
    "updated": 0
  },
  {
    "id": "e2f9b1f0-c457-4c33-9167-c4c1e24c3add",
    "data": [
      {
        "text": "Percent",
        "meta": "@Percent",
        "alias": "Percent",
        "userDefined": false
      },
      {
        "text": " is dividing a number ",
        "userDefined": false
      },
      {
        "text": "by",
        "meta": "@Multiplication",
        "alias": "Multiplication",
        "userDefined": false
      },
      {
        "text": " ",
        "userDefined": false
      },
      {
        "text": "100",
        "meta": "@sys.number",
        "alias": "number",
        "userDefined": false
      }
    ],
    "isTemplate": false,
    "count": 0,
    "lang": "en",
    "updated": 0
  },
  {
    "id": "4e7fa0b4-8e66-4a81-9d22-d5d9a7d76b92",
    "data": [
      {
        "text": "Dividing a number ",
        "userDefined": false
      },
      {
        "text": "by",
        "meta": "@Multiplication",
        "alias": "Multiplication",
        "userDefined": false
      },
      {
        "text": " ",
        "userDefined": false
      },
      {
        "text": "100",
        "meta": "@sys.number",
        "alias": "number",
        "userDefined": false
      },
      {
        "text": " is ",
        "userDefined": false
      },
      {
        "text": "percent",
        "meta": "@Percent",
        "alias": "Percent",
        "userDefined": false
      }
    ],
    "isTemplate": false,
    "count": 1,
    "lang": "en",
    "updated": 0
  }
]