[
  {
    "id": "d4667844-32ec-4d2f-83ff-672f00f163e0",
    "data": [
      {
        "text": "Yes",
        "userDefined": false
      }
    ],
    "isTemplate": false,
    "count": 0,
    "lang": "en",
    "updated": 0
  },
  {
    "id": "9404238f-c504-4490-8928-125416c50160",
    "data": [
      {
        "text": "It is %",
        "userDefined": false
      }
    ],
    "isTemplate": false,
    "count": 0,
    "lang": "en",
    "updated": 0
  },
  {
    "id": "bec8513b-f607-491b-9f05-a1a9db085194",
    "data": [
      {
        "text": "%",
        "userDefined": false
      }
    ],
    "isTemplate": false,
    "count": 0,
    "lang": "en",
    "updated": 0
  },
  {
    "id": "c8409cd6-6368-40d4-a629-7a7e9da7850f",
    "data": [
      {
        "text": "Yes, it is %",
        "userDefined": false
      }
    ],
    "isTemplate": false,
    "count": 0,
    "lang": "en",
    "updated": 0
  },
  {
    "id": "df51ab6f-a9b7-4b5c-92b4-259d543d6b52",
    "data": [
      {
        "text": "% is the symbol for ",
        "userDefined": false
      },
      {
        "text": "percentage",
        "meta": "@Percent",
        "alias": "Percent",
        "userDefined": false
      }
    ],
    "isTemplate": false,
    "count": 0,
    "lang": "en",
    "updated": 0
  },
  {
    "id": "ff40c791-4332-4351-b927-7e1601c5b874",
    "data": [
      {
        "text": "% is the symbol for ",
        "userDefined": false
      },
      {
        "text": "percent",
        "meta": "@Percent",
        "alias": "Percent",
        "userDefined": false
      }
    ],
    "isTemplate": false,
    "count": 0,
    "lang": "en",
    "updated": 0
  },
  {
    "id": "03b0a84f-8b96-4fc0-bebd-0fcbc577537c",
    "data": [
      {
        "text": "% is the symbol for %",
        "userDefined": false
      }
    ],
    "isTemplate": false,
    "count": 0,
    "lang": "en",
    "updated": 0
  },
  {
    "id": "b560826b-c637-414a-ac56-3e1f4dea3374",
    "data": [
      {
        "text": "Eklavya, we know that the symbol for ",
        "userDefined": false
      },
      {
        "text": "percent",
        "meta": "@Percent",
        "alias": "Percent",
        "userDefined": false
      },
      {
        "text": " is %",
        "userDefined": false
      }
    ],
    "isTemplate": false,
    "count": 1,
    "lang": "en",
    "updated": 0
  },
  {
    "id": "6b735404-6600-4cf5-b6f3-653af89509c1",
    "data": [
      {
        "text": "Percent",
        "meta": "@Percent",
        "alias": "Percent",
        "userDefined": false
      },
      {
        "text": " can be represented symbolically as %",
        "userDefined": false
      }
    ],
    "isTemplate": false,
    "count": 0,
    "lang": "en",
    "updated": 0
  }
]