[
  {
    "id": "553f4c1f-bd39-4520-9dfe-76612953a046",
    "data": [
      {
        "text": "Ratio expressed ",
        "userDefined": false
      },
      {
        "text": "by",
        "meta": "@Multiplication",
        "alias": "Multiplication",
        "userDefined": false
      },
      {
        "text": " a fraction ",
        "userDefined": false
      },
      {
        "text": "of",
        "meta": "@Multiplication",
        "alias": "Multiplication",
        "userDefined": false
      },
      {
        "text": " ",
        "userDefined": false
      },
      {
        "text": "100",
        "meta": "@sys.number",
        "alias": "number",
        "userDefined": false
      },
      {
        "text": " or any share ",
        "userDefined": false
      },
      {
        "text": "of",
        "meta": "@Multiplication",
        "alias": "Multiplication",
        "userDefined": false
      },
      {
        "text": " a whole.",
        "userDefined": false
      }
    ],
    "isTemplate": false,
    "count": 0,
    "lang": "en",
    "updated": 0
  },
  {
    "id": "0f4c4490-4d74-4a56-856f-3d20442199b1",
    "data": [
      {
        "text": "Upon ",
        "userDefined": false
      },
      {
        "text": "100",
        "meta": "@sys.number",
        "alias": "number",
        "userDefined": false
      },
      {
        "text": " \n \n Eg\u003d",
        "userDefined": false
      },
      {
        "text": "25/100",
        "meta": "@sys.number",
        "alias": "number1",
        "userDefined": false
      }
    ],
    "isTemplate": false,
    "count": 0,
    "lang": "en",
    "updated": 0
  },
  {
    "id": "299d82c8-5e81-43c6-b5d9-6425d5f14b4c",
    "data": [
      {
        "text": "PER MEANS ",
        "userDefined": false
      },
      {
        "text": "75",
        "meta": "@sys.number",
        "alias": "number",
        "userDefined": false
      },
      {
        "text": " PER ",
        "userDefined": false
      },
      {
        "text": "100",
        "meta": "@sys.number",
        "alias": "number1",
        "userDefined": false
      },
      {
        "text": " CENT MEANS ",
        "userDefined": false
      },
      {
        "text": "100",
        "meta": "@sys.number",
        "alias": "number2",
        "userDefined": false
      }
    ],
    "isTemplate": false,
    "count": 0,
    "lang": "en",
    "updated": 0
  },
  {
    "id": "e0311753-ce9d-42b2-8a68-8a31b16d65bd",
    "data": [
      {
        "text": "PER",
        "meta": "@sys.person",
        "alias": "person",
        "userDefined": false
      },
      {
        "text": "\u003d ",
        "userDefined": false
      },
      {
        "text": "division",
        "meta": "@Division",
        "alias": "Division",
        "userDefined": false
      },
      {
        "text": " \n CENT\u003d ",
        "userDefined": false
      },
      {
        "text": "100",
        "meta": "@sys.number",
        "alias": "number",
        "userDefined": false
      },
      {
        "text": "\n ",
        "userDefined": false
      },
      {
        "text": "PERCENT",
        "meta": "@Percent",
        "alias": "Percent",
        "userDefined": false
      },
      {
        "text": "\u003d ",
        "userDefined": false
      },
      {
        "text": "divided by",
        "meta": "@Division",
        "alias": "Division",
        "userDefined": false
      },
      {
        "text": " ",
        "userDefined": false
      },
      {
        "text": "100",
        "meta": "@sys.number",
        "alias": "number1",
        "userDefined": false
      }
    ],
    "isTemplate": false,
    "count": 0,
    "lang": "en",
    "updated": 0
  },
  {
    "id": "6e2c7d7d-243f-4758-a1cc-9eb7a4c66cb8",
    "data": [
      {
        "text": "A thing which is ",
        "userDefined": false
      },
      {
        "text": "divided by",
        "meta": "@Division",
        "alias": "Division",
        "userDefined": false
      },
      {
        "text": " ",
        "userDefined": false
      },
      {
        "text": "100",
        "meta": "@sys.number",
        "alias": "number",
        "userDefined": false
      },
      {
        "text": " .. \n eg . 75 ",
        "userDefined": false
      },
      {
        "text": "%",
        "meta": "@Percent",
        "alias": "Percent",
        "userDefined": false
      },
      {
        "text": " means ",
        "userDefined": false
      },
      {
        "text": "75/100",
        "meta": "@sys.number",
        "alias": "number1",
        "userDefined": false
      }
    ],
    "isTemplate": false,
    "count": 0,
    "lang": "en",
    "updated": 0
  },
  {
    "id": "a67601a7-8ceb-44ff-85a4-d7a25c03dee9",
    "data": [
      {
        "text": "A number in ",
        "userDefined": false
      },
      {
        "text": "hundred",
        "meta": "@sys.number",
        "alias": "number",
        "userDefined": false
      },
      {
        "text": " . Eg. ",
        "userDefined": false
      },
      {
        "text": "25",
        "meta": "@sys.number",
        "alias": "number11",
        "userDefined": false
      },
      {
        "text": "%",
        "meta": "@Percent",
        "alias": "Percent",
        "userDefined": false
      },
      {
        "text": "\u003d",
        "userDefined": false
      },
      {
        "text": "25/100",
        "meta": "@sys.number",
        "alias": "number1",
        "userDefined": false
      }
    ],
    "isTemplate": false,
    "count": 0,
    "lang": "en",
    "updated": 0
  },
  {
    "id": "b5b61dfb-a6b2-46f5-a6f9-587e7ffd7d13",
    "data": [
      {
        "text": "परसेंटेज म्हणजे एका आकड्याचे टक्केवारी काढायची जसे की ",
        "userDefined": false
      },
      {
        "text": "3000",
        "meta": "@sys.number",
        "alias": "number",
        "userDefined": false
      },
      {
        "text": " चे ",
        "userDefined": false
      },
      {
        "text": "75",
        "meta": "@sys.number",
        "alias": "number1",
        "userDefined": false
      },
      {
        "text": " टक्के किती.",
        "userDefined": false
      }
    ],
    "isTemplate": false,
    "count": 0,
    "lang": "en",
    "updated": 0
  },
  {
    "id": "f4f9281a-048f-40eb-b322-55815ed616e9",
    "data": [
      {
        "text": "Percent",
        "meta": "@Percent",
        "alias": "Percent",
        "userDefined": false
      },
      {
        "text": " means a number upon ",
        "userDefined": false
      },
      {
        "text": "100",
        "meta": "@sys.number",
        "alias": "number",
        "userDefined": false
      },
      {
        "text": ".Example",
        "userDefined": false
      },
      {
        "text": "-20/100",
        "meta": "@sys.number",
        "alias": "number1",
        "userDefined": false
      },
      {
        "text": "\u003d",
        "userDefined": false
      },
      {
        "text": "20",
        "meta": "@sys.number",
        "alias": "number2",
        "userDefined": false
      },
      {
        "text": "%",
        "meta": "@Division",
        "alias": "Division",
        "userDefined": false
      }
    ],
    "isTemplate": false,
    "count": 0,
    "lang": "en",
    "updated": 0
  },
  {
    "id": "2667c2fd-9913-471b-bc63-7320753cad5f",
    "data": [
      {
        "text": "The part ",
        "userDefined": false
      },
      {
        "text": "of",
        "meta": "@Multiplication",
        "alias": "Multiplication",
        "userDefined": false
      },
      {
        "text": " whole expressed in hundredths is called ",
        "userDefined": false
      },
      {
        "text": "percentage",
        "meta": "@Percent",
        "alias": "Percent",
        "userDefined": false
      },
      {
        "text": ". \n ",
        "userDefined": false
      },
      {
        "text": "10/100",
        "meta": "@sys.number",
        "alias": "number",
        "userDefined": false
      },
      {
        "text": " \u003d ",
        "userDefined": false
      },
      {
        "text": "10",
        "meta": "@sys.number",
        "alias": "number1",
        "userDefined": false
      },
      {
        "text": "%",
        "userDefined": false
      }
    ],
    "isTemplate": false,
    "count": 0,
    "lang": "en",
    "updated": 0
  },
  {
    "id": "26eca02b-8bd8-4635-8ee7-8061383bfdfd",
    "data": [
      {
        "text": "per",
        "meta": "@sys.person",
        "alias": "person",
        "userDefined": false
      },
      {
        "text": " means ",
        "userDefined": false
      },
      {
        "text": "upon",
        "meta": "@Division",
        "alias": "Division",
        "userDefined": false
      },
      {
        "text": " cent means ",
        "userDefined": false
      },
      {
        "text": "100",
        "meta": "@sys.number",
        "alias": "number",
        "userDefined": false
      }
    ],
    "isTemplate": false,
    "count": 0,
    "lang": "en",
    "updated": 0
  },
  {
    "id": "182a488d-858a-40e3-81ee-e266194003a2",
    "data": [
      {
        "text": "percentage",
        "meta": "@Percent",
        "alias": "Percent",
        "userDefined": false
      },
      {
        "text": " means per - cent. that is per ",
        "userDefined": false
      },
      {
        "text": "100",
        "meta": "@sys.number",
        "alias": "number",
        "userDefined": false
      },
      {
        "text": ". if we want to ",
        "userDefined": false
      },
      {
        "text": "say",
        "meta": "@Division",
        "alias": "Division",
        "userDefined": false
      },
      {
        "text": " we have ",
        "userDefined": false
      },
      {
        "text": "10",
        "meta": "@sys.number",
        "alias": "number1",
        "userDefined": false
      },
      {
        "text": " apples out ",
        "userDefined": false
      },
      {
        "text": "of",
        "meta": "@Multiplication",
        "alias": "Multiplication",
        "userDefined": false
      },
      {
        "text": " ",
        "userDefined": false
      },
      {
        "text": "100",
        "meta": "@sys.number",
        "alias": "number2",
        "userDefined": false
      },
      {
        "text": " apples we can say we have ",
        "userDefined": false
      },
      {
        "text": "10",
        "meta": "@sys.number",
        "alias": "number",
        "userDefined": false
      },
      {
        "text": "%",
        "meta": "@Percent",
        "alias": "Percent",
        "userDefined": false
      },
      {
        "text": " apples",
        "userDefined": false
      }
    ],
    "isTemplate": false,
    "count": 0,
    "lang": "en",
    "updated": 0
  },
  {
    "id": "70515d41-20f6-4853-a4ff-aaa64f20b41c",
    "data": [
      {
        "text": "the fraction in which ",
        "userDefined": false
      },
      {
        "text": "100",
        "meta": "@sys.number",
        "alias": "number",
        "userDefined": false
      },
      {
        "text": " is demoninator",
        "userDefined": false
      }
    ],
    "isTemplate": false,
    "count": 0,
    "lang": "en",
    "updated": 0
  },
  {
    "id": "3b990ae6-5fc5-4f8b-a91d-613360dbab67",
    "data": [
      {
        "text": "Per means ",
        "userDefined": false
      },
      {
        "text": "division",
        "meta": "@Division",
        "alias": "Division",
        "userDefined": false
      },
      {
        "text": " and cent means ",
        "userDefined": false
      },
      {
        "text": "100",
        "meta": "@sys.number",
        "alias": "number",
        "userDefined": false
      },
      {
        "text": " . Symbol of ",
        "userDefined": false
      },
      {
        "text": "percent",
        "meta": "@Percent",
        "alias": "Percent",
        "userDefined": false
      },
      {
        "text": " is % . e.g. 50",
        "userDefined": false
      },
      {
        "text": "%",
        "meta": "@Percent",
        "alias": "Percent",
        "userDefined": false
      },
      {
        "text": " means ",
        "userDefined": false
      },
      {
        "text": "50/100",
        "meta": "@sys.number",
        "alias": "number1",
        "userDefined": false
      },
      {
        "text": ".",
        "userDefined": false
      }
    ],
    "isTemplate": false,
    "count": 0,
    "lang": "en",
    "updated": 0
  },
  {
    "id": "67002d77-488f-48e9-9ce4-ed781c36be13",
    "data": [
      {
        "text": "per",
        "meta": "@sys.person",
        "alias": "person",
        "userDefined": false
      },
      {
        "text": " \u003d upon , cent \u003d 100\n ",
        "userDefined": false
      },
      {
        "text": "50",
        "meta": "@sys.number",
        "alias": "number",
        "userDefined": false
      },
      {
        "text": " ",
        "userDefined": false
      },
      {
        "text": "percent",
        "meta": "@Percent",
        "alias": "Percent",
        "userDefined": false
      },
      {
        "text": " of ",
        "userDefined": false
      },
      {
        "text": "10",
        "meta": "@sys.number",
        "alias": "number1",
        "userDefined": false
      },
      {
        "text": " \u003d ",
        "userDefined": false
      },
      {
        "text": "50",
        "meta": "@sys.number",
        "alias": "number2",
        "userDefined": false
      },
      {
        "text": " *",
        "userDefined": false
      },
      {
        "text": "10",
        "meta": "@sys.number",
        "alias": "number",
        "userDefined": false
      },
      {
        "text": "\\",
        "userDefined": false
      },
      {
        "text": "100",
        "meta": "@sys.number",
        "alias": "number",
        "userDefined": false
      }
    ],
    "isTemplate": false,
    "count": 0,
    "lang": "en",
    "updated": 0
  },
  {
    "id": "9b40617d-3517-4665-af0a-ee66ba12c615",
    "data": [
      {
        "text": "percentage",
        "meta": "@Percent",
        "alias": "Percent",
        "userDefined": false
      },
      {
        "text": " is a ratio ",
        "userDefined": false
      },
      {
        "text": "of",
        "meta": "@Multiplication",
        "alias": "Multiplication",
        "userDefined": false
      },
      {
        "text": " any number to ",
        "userDefined": false
      },
      {
        "text": "100",
        "meta": "@sys.number",
        "alias": "number",
        "userDefined": false
      }
    ],
    "isTemplate": false,
    "count": 0,
    "lang": "en",
    "updated": 0
  },
  {
    "id": "09482bf0-bf1d-456b-a548-7d1e5c807229",
    "data": [
      {
        "text": "Percentage",
        "meta": "@Percent",
        "alias": "Percent",
        "userDefined": false
      },
      {
        "text": " म्हणजे टक्केवारी.\n टक्केवारी काढणे ",
        "userDefined": false
      },
      {
        "text": "शंभर",
        "meta": "@sys.number",
        "alias": "number",
        "userDefined": false
      },
      {
        "text": " पैकी भाग काढणे.",
        "userDefined": false
      }
    ],
    "isTemplate": false,
    "count": 0,
    "lang": "en",
    "updated": 0
  },
  {
    "id": "2d7d85c4-de4e-4550-b559-4f05228ebdc3",
    "data": [
      {
        "text": "Percentage",
        "meta": "@Percent",
        "alias": "Percent",
        "userDefined": false
      },
      {
        "text": " is the result obtained ",
        "userDefined": false
      },
      {
        "text": "by",
        "meta": "@Multiplication",
        "alias": "Multiplication",
        "userDefined": false
      },
      {
        "text": " multiplying a quantity ",
        "userDefined": false
      },
      {
        "text": "by",
        "meta": "@Multiplication",
        "alias": "Multiplication",
        "userDefined": false
      },
      {
        "text": " ",
        "userDefined": false
      },
      {
        "text": "percent",
        "meta": "@Percent",
        "alias": "Percent",
        "userDefined": false
      },
      {
        "text": ".",
        "userDefined": false
      }
    ],
    "isTemplate": false,
    "count": 0,
    "lang": "en",
    "updated": 0
  },
  {
    "id": "8d130d2e-c7c3-42e7-8cc5-0352e22b1a44",
    "data": [
      {
        "text": "शंभर",
        "meta": "@sys.number",
        "alias": "number",
        "userDefined": false
      },
      {
        "text": " पैकी किती असेल असे काढायचे.",
        "userDefined": false
      }
    ],
    "isTemplate": false,
    "count": 0,
    "lang": "en",
    "updated": 0
  },
  {
    "id": "447fc01f-783c-41c0-8527-7d9b03b0b517",
    "data": [
      {
        "text": "A part ",
        "userDefined": false
      },
      {
        "text": "of",
        "meta": "@Multiplication",
        "alias": "Multiplication",
        "userDefined": false
      },
      {
        "text": " total which is expressed in ",
        "userDefined": false
      },
      {
        "text": "100",
        "meta": "@sys.number",
        "alias": "number",
        "userDefined": false
      },
      {
        "text": " .\n Eg\u003d",
        "userDefined": false
      },
      {
        "text": "65",
        "meta": "@sys.number",
        "alias": "number1",
        "userDefined": false
      },
      {
        "text": "%",
        "meta": "@Percent",
        "alias": "Percent",
        "userDefined": false
      },
      {
        "text": "\u003d",
        "userDefined": false
      },
      {
        "text": "65/100",
        "meta": "@sys.number",
        "alias": "number2",
        "userDefined": false
      },
      {
        "text": "\u003d",
        "userDefined": false
      },
      {
        "text": "0.65",
        "meta": "@sys.number",
        "alias": "number",
        "userDefined": false
      }
    ],
    "isTemplate": false,
    "count": 0,
    "lang": "en",
    "updated": 0
  },
  {
    "id": "63b77004-4c64-4271-b008-2f1f7979940e",
    "data": [
      {
        "text": "Percent is basically the ratio of one quantity to its 100",
        "userDefined": false
      }
    ],
    "isTemplate": false,
    "count": 0,
    "lang": "en",
    "updated": 0
  },
  {
    "id": "71cf5b2e-ede9-45fd-b55f-db840e740365",
    "data": [
      {
        "text": "percent is divided by ",
        "userDefined": false
      },
      {
        "text": "100",
        "meta": "@sys.number",
        "alias": "number",
        "userDefined": false
      }
    ],
    "isTemplate": false,
    "count": 0,
    "lang": "en",
    "updated": 0
  },
  {
    "id": "17b77248-9ee5-4529-83be-99de9f6bf07c",
    "data": [
      {
        "text": "percentage",
        "meta": "@Percent",
        "alias": "Percent",
        "userDefined": false
      },
      {
        "text": " ",
        "userDefined": false
      },
      {
        "text": "divided by",
        "meta": "@Division",
        "alias": "Division",
        "userDefined": false
      },
      {
        "text": " ",
        "userDefined": false
      },
      {
        "text": "hundred",
        "meta": "@sys.number",
        "alias": "number",
        "userDefined": false
      }
    ],
    "isTemplate": false,
    "count": 0,
    "lang": "en",
    "updated": 0
  },
  {
    "id": "42c4614c-9c39-4cb6-970b-b4064dbe286d",
    "data": [
      {
        "text": "percentage",
        "meta": "@Percent",
        "alias": "Percent",
        "userDefined": false
      },
      {
        "text": " is ",
        "userDefined": false
      },
      {
        "text": "divided by",
        "meta": "@Division",
        "alias": "Division",
        "userDefined": false
      },
      {
        "text": " ",
        "userDefined": false
      },
      {
        "text": "hundred",
        "meta": "@sys.number",
        "alias": "number",
        "userDefined": false
      }
    ],
    "isTemplate": false,
    "count": 0,
    "lang": "en",
    "updated": 0
  },
  {
    "id": "29dbdda5-7ff3-484d-99fe-b7386b92c14e",
    "data": [
      {
        "text": "Percent",
        "meta": "@Percent",
        "alias": "Percent",
        "userDefined": false
      },
      {
        "text": " or ",
        "userDefined": false
      },
      {
        "text": "percentage",
        "meta": "@Percent",
        "alias": "Percent1",
        "userDefined": false
      },
      {
        "text": " can be defined as dividing a number ",
        "userDefined": false
      },
      {
        "text": "by",
        "meta": "@Multiplication",
        "alias": "Multiplication",
        "userDefined": false
      },
      {
        "text": " ",
        "userDefined": false
      },
      {
        "text": "100",
        "meta": "@sys.number",
        "alias": "number",
        "userDefined": false
      },
      {
        "text": ". For instance, ",
        "userDefined": false
      },
      {
        "text": "25",
        "meta": "@sys.number",
        "alias": "number1",
        "userDefined": false
      },
      {
        "text": " ",
        "userDefined": false
      },
      {
        "text": "percent",
        "meta": "@Percent",
        "alias": "Percent11",
        "userDefined": false
      },
      {
        "text": " is ",
        "userDefined": false
      },
      {
        "text": "25",
        "meta": "@sys.number",
        "alias": "number11",
        "userDefined": false
      },
      {
        "text": " ",
        "userDefined": false
      },
      {
        "text": "divided by",
        "meta": "@Division",
        "alias": "Division",
        "userDefined": false
      },
      {
        "text": " ",
        "userDefined": false
      },
      {
        "text": "100",
        "meta": "@sys.number",
        "alias": "number2",
        "userDefined": false
      },
      {
        "text": ". You can relate it with per-cent or per-100. As cent is 100, you already know as century in cricket means scoring 100 runs",
        "userDefined": false
      }
    ],
    "isTemplate": false,
    "count": 0,
    "lang": "en",
    "updated": 0
  },
  {
    "id": "c7aeba39-4847-4064-8fcf-7a3841714715",
    "data": [
      {
        "text": "Percent",
        "meta": "@Percent",
        "alias": "Percent",
        "userDefined": false
      },
      {
        "text": " or ",
        "userDefined": false
      },
      {
        "text": "percentage",
        "meta": "@Percent",
        "alias": "Percent1",
        "userDefined": false
      },
      {
        "text": " can be defined as dividing a number ",
        "userDefined": false
      },
      {
        "text": "by",
        "meta": "@Multiplication",
        "alias": "Multiplication",
        "userDefined": false
      },
      {
        "text": " ",
        "userDefined": false
      },
      {
        "text": "100",
        "meta": "@sys.number",
        "alias": "number",
        "userDefined": false
      },
      {
        "text": ". For instance, ",
        "userDefined": false
      },
      {
        "text": "25",
        "meta": "@sys.number",
        "alias": "number1",
        "userDefined": false
      },
      {
        "text": " ",
        "userDefined": false
      },
      {
        "text": "percent",
        "meta": "@Percent",
        "alias": "Percent11",
        "userDefined": false
      },
      {
        "text": " is ",
        "userDefined": false
      },
      {
        "text": "25",
        "meta": "@sys.number",
        "alias": "number11",
        "userDefined": false
      },
      {
        "text": " ",
        "userDefined": false
      },
      {
        "text": "divided by",
        "meta": "@Division",
        "alias": "Division",
        "userDefined": false
      },
      {
        "text": " ",
        "userDefined": false
      },
      {
        "text": "100",
        "meta": "@sys.number",
        "alias": "number2",
        "userDefined": false
      },
      {
        "text": ". You can relate it with per-cent or per-100. As cent is 100, you already know in century",
        "userDefined": false
      }
    ],
    "isTemplate": false,
    "count": 0,
    "lang": "en",
    "updated": 0
  },
  {
    "id": "196b051b-feb4-434d-bfb6-1681dad41f35",
    "data": [
      {
        "text": "So, ",
        "userDefined": false
      },
      {
        "text": "percent",
        "meta": "@Percent",
        "alias": "Percent",
        "userDefined": false
      },
      {
        "text": " or ",
        "userDefined": false
      },
      {
        "text": "percentage",
        "meta": "@Percent",
        "alias": "Percent1",
        "userDefined": false
      },
      {
        "text": " can be defined as dividing a number ",
        "userDefined": false
      },
      {
        "text": "by",
        "meta": "@Multiplication",
        "alias": "Multiplication",
        "userDefined": false
      },
      {
        "text": " ",
        "userDefined": false
      },
      {
        "text": "100",
        "meta": "@sys.number",
        "alias": "number",
        "userDefined": false
      },
      {
        "text": ".",
        "userDefined": false
      }
    ],
    "isTemplate": false,
    "count": 0,
    "lang": "en",
    "updated": 0
  },
  {
    "id": "94c7581c-d12e-4def-8d21-a5d95b5271ff",
    "data": [
      {
        "text": "Percent",
        "meta": "@Percent",
        "alias": "Percent",
        "userDefined": false
      },
      {
        "text": " can be defined as when a number is ",
        "userDefined": false
      },
      {
        "text": "divided by",
        "meta": "@Division",
        "alias": "Division",
        "userDefined": false
      },
      {
        "text": " ",
        "userDefined": false
      },
      {
        "text": "100",
        "meta": "@sys.number",
        "alias": "number",
        "userDefined": false
      },
      {
        "text": ", we say that it is the ",
        "userDefined": false
      },
      {
        "text": "percent",
        "meta": "@Percent",
        "alias": "Percent1",
        "userDefined": false
      },
      {
        "text": " ",
        "userDefined": false
      },
      {
        "text": "of",
        "meta": "@Multiplication",
        "alias": "Multiplication1",
        "userDefined": false
      },
      {
        "text": " that number. For Instance, when we ",
        "userDefined": false
      },
      {
        "text": "divide",
        "meta": "@Division",
        "alias": "Division1",
        "userDefined": false
      },
      {
        "text": " ",
        "userDefined": false
      },
      {
        "text": "30",
        "meta": "@sys.number",
        "alias": "number1",
        "userDefined": false
      },
      {
        "text": " ",
        "userDefined": false
      },
      {
        "text": "by",
        "meta": "@Multiplication",
        "alias": "Multiplication",
        "userDefined": false
      },
      {
        "text": " 100, we say it is 30 percent.",
        "userDefined": false
      }
    ],
    "isTemplate": false,
    "count": 0,
    "lang": "en",
    "updated": 0
  },
  {
    "id": "03556a29-b27d-41fe-ad4d-00517c3754fe",
    "data": [
      {
        "text": "Percent",
        "meta": "@Percent",
        "alias": "Percent",
        "userDefined": false
      },
      {
        "text": " can be defined as when a number is ",
        "userDefined": false
      },
      {
        "text": "divided by",
        "meta": "@Division",
        "alias": "Division",
        "userDefined": false
      },
      {
        "text": " ",
        "userDefined": false
      },
      {
        "text": "100",
        "meta": "@sys.number",
        "alias": "number",
        "userDefined": false
      },
      {
        "text": ", we say that it is the ",
        "userDefined": false
      },
      {
        "text": "percent",
        "meta": "@Percent",
        "alias": "Percent1",
        "userDefined": false
      },
      {
        "text": " ",
        "userDefined": false
      },
      {
        "text": "of",
        "meta": "@Multiplication",
        "alias": "Multiplication",
        "userDefined": false
      },
      {
        "text": " that number.",
        "userDefined": false
      }
    ],
    "isTemplate": false,
    "count": 0,
    "lang": "en",
    "updated": 0
  },
  {
    "id": "fbe9c215-cb11-470a-9975-1975a31013ed",
    "data": [
      {
        "text": "to ",
        "userDefined": false
      },
      {
        "text": "divide",
        "meta": "@Division",
        "alias": "Division",
        "userDefined": false
      },
      {
        "text": " a number ",
        "userDefined": false
      },
      {
        "text": "by",
        "meta": "@Multiplication",
        "alias": "Multiplication",
        "userDefined": false
      },
      {
        "text": " ",
        "userDefined": false
      },
      {
        "text": "100",
        "meta": "@sys.number",
        "alias": "number",
        "userDefined": false
      },
      {
        "text": " is known as taking its ",
        "userDefined": false
      },
      {
        "text": "percentage",
        "meta": "@Percent",
        "alias": "Percent",
        "userDefined": false
      },
      {
        "text": " value",
        "userDefined": false
      }
    ],
    "isTemplate": false,
    "count": 0,
    "lang": "en",
    "updated": 0
  },
  {
    "id": "47e6309f-7758-4354-9ab7-1a389eafda91",
    "data": [
      {
        "text": "In mathematics, a ",
        "userDefined": false
      },
      {
        "text": "percentage",
        "meta": "@Percent",
        "alias": "Percent",
        "userDefined": false
      },
      {
        "text": " is a number or ratio expressed as a fraction of ",
        "userDefined": false
      },
      {
        "text": "100",
        "meta": "@sys.number",
        "alias": "number",
        "userDefined": false
      },
      {
        "text": ". It is often denoted using the ",
        "userDefined": false
      },
      {
        "text": "percent",
        "meta": "@Percent",
        "alias": "Percent1",
        "userDefined": false
      },
      {
        "text": " sign, \"%\"",
        "userDefined": false
      }
    ],
    "isTemplate": false,
    "count": 0,
    "lang": "en",
    "updated": 0
  },
  {
    "id": "0b2bb69f-d094-45fe-ad9e-94d7843f42ee",
    "data": [
      {
        "text": "50",
        "meta": "@sys.any",
        "alias": "anyPercentnumber",
        "userDefined": true
      },
      {
        "text": " percent of ",
        "userDefined": false
      },
      {
        "text": "30000",
        "meta": "@sys.any",
        "alias": "anyOfnumber",
        "userDefined": true
      },
      {
        "text": "?",
        "userDefined": false
      }
    ],
    "isTemplate": false,
    "count": 0,
    "lang": "en",
    "updated": 0
  },
  {
    "id": "8f729417-e291-4c35-82cc-556f6f40829a",
    "data": [
      {
        "text": "What is ",
        "userDefined": false
      },
      {
        "text": "46",
        "meta": "@sys.any",
        "alias": "anyPercentnumber",
        "userDefined": true
      },
      {
        "text": " percent of ",
        "userDefined": false
      },
      {
        "text": "23",
        "meta": "@sys.any",
        "alias": "anyOfnumber",
        "userDefined": true
      },
      {
        "text": "?",
        "userDefined": false
      }
    ],
    "isTemplate": false,
    "count": 0,
    "lang": "en",
    "updated": 0
  },
  {
    "id": "11c717dd-28b3-41f6-99a0-889b72913369",
    "data": [
      {
        "text": "Dividing a number ",
        "userDefined": false
      },
      {
        "text": "by",
        "meta": "@Multiplication",
        "alias": "Multiplication",
        "userDefined": false
      },
      {
        "text": " ",
        "userDefined": false
      },
      {
        "text": "100",
        "meta": "@sys.number",
        "alias": "number",
        "userDefined": false
      },
      {
        "text": " is called as ",
        "userDefined": false
      },
      {
        "text": "percent",
        "meta": "@Percent",
        "alias": "Percent",
        "userDefined": false
      },
      {
        "text": " of that particular number",
        "userDefined": false
      }
    ],
    "isTemplate": false,
    "count": 0,
    "lang": "en",
    "updated": 0
  },
  {
    "id": "858cb8c4-9bda-485d-a818-296cce0adc76",
    "data": [
      {
        "text": "Percent",
        "meta": "@Percent",
        "alias": "Percent",
        "userDefined": false
      },
      {
        "text": " can be defined as the ratio of a number with the ",
        "userDefined": false
      },
      {
        "text": "denominator",
        "meta": "@Fractions",
        "alias": "Fractions",
        "userDefined": false
      },
      {
        "text": " of ",
        "userDefined": false
      },
      {
        "text": "100",
        "meta": "@sys.number",
        "alias": "number",
        "userDefined": false
      }
    ],
    "isTemplate": false,
    "count": 0,
    "lang": "en",
    "updated": 0
  },
  {
    "id": "f30d3343-6dc1-405a-8d87-e888c5cfe280",
    "data": [
      {
        "text": "Ratio ",
        "userDefined": false
      },
      {
        "text": "by",
        "meta": "@Multiplication",
        "alias": "Multiplication",
        "userDefined": false
      },
      {
        "text": " ",
        "userDefined": false
      },
      {
        "text": "100",
        "meta": "@sys.number",
        "alias": "number",
        "userDefined": false
      }
    ],
    "isTemplate": false,
    "count": 0,
    "lang": "en",
    "updated": 0
  },
  {
    "id": "7393bf52-a96d-484a-a402-0ced156e151b",
    "data": [
      {
        "text": "dividing ",
        "userDefined": false
      },
      {
        "text": "by",
        "meta": "@Multiplication",
        "alias": "Multiplication",
        "userDefined": false
      },
      {
        "text": " ",
        "userDefined": false
      },
      {
        "text": "100",
        "meta": "@sys.number",
        "alias": "number",
        "userDefined": false
      }
    ],
    "isTemplate": false,
    "count": 0,
    "lang": "en",
    "updated": 0
  },
  {
    "id": "38ca8446-bed5-4cc9-be49-731b0b37a77e",
    "data": [
      {
        "text": "Ratio of a number where the ",
        "userDefined": false
      },
      {
        "text": "denominator",
        "meta": "@Fractions",
        "alias": "Fractions",
        "userDefined": false
      },
      {
        "text": " is always ",
        "userDefined": false
      },
      {
        "text": "100",
        "meta": "@sys.number",
        "alias": "number",
        "userDefined": false
      }
    ],
    "isTemplate": false,
    "count": 0,
    "lang": "en",
    "updated": 0
  },
  {
    "id": "7bb10716-2f56-4e50-b075-0962d9662ba5",
    "data": [
      {
        "text": "Percentage",
        "meta": "@Percent",
        "alias": "Percent",
        "userDefined": false
      },
      {
        "text": " is a number or ratio that represents a fraction of ",
        "userDefined": false
      },
      {
        "text": "100",
        "meta": "@sys.number",
        "alias": "number",
        "userDefined": false
      }
    ],
    "isTemplate": false,
    "count": 1,
    "lang": "en",
    "updated": 0
  },
  {
    "id": "fd9985b9-78bc-4182-a95f-aaf8f8fdb4d1",
    "data": [
      {
        "text": "dividing a number ",
        "userDefined": false
      },
      {
        "text": "by",
        "meta": "@Multiplication",
        "alias": "Multiplication",
        "userDefined": false
      },
      {
        "text": " ",
        "userDefined": false
      },
      {
        "text": "100",
        "meta": "@sys.number",
        "alias": "number",
        "userDefined": false
      }
    ],
    "isTemplate": false,
    "count": 0,
    "lang": "en",
    "updated": 0
  },
  {
    "id": "47fed32c-2799-446a-8481-99528554a8a2",
    "data": [
      {
        "text": "Percent",
        "meta": "@Percent",
        "alias": "Percent",
        "userDefined": false
      },
      {
        "text": " is dividing a number ",
        "userDefined": false
      },
      {
        "text": "by",
        "meta": "@Multiplication",
        "alias": "Multiplication",
        "userDefined": false
      },
      {
        "text": " ",
        "userDefined": false
      },
      {
        "text": "100",
        "meta": "@sys.number",
        "alias": "number",
        "userDefined": false
      }
    ],
    "isTemplate": false,
    "count": 0,
    "lang": "en",
    "updated": 0
  },
  {
    "id": "2edd4898-5146-43b7-bbc7-074560d699a6",
    "data": [
      {
        "text": "Percent",
        "meta": "@Percent",
        "alias": "Percent",
        "userDefined": false
      },
      {
        "text": " is dividing a umber ",
        "userDefined": false
      },
      {
        "text": "by",
        "meta": "@Multiplication",
        "alias": "Multiplication",
        "userDefined": false
      },
      {
        "text": " ",
        "userDefined": false
      },
      {
        "text": "100",
        "meta": "@sys.number",
        "alias": "number",
        "userDefined": false
      }
    ],
    "isTemplate": false,
    "count": 0,
    "lang": "en",
    "updated": 0
  },
  {
    "id": "40186e73-007a-4dfe-b67d-75091272de2e",
    "data": [
      {
        "text": "Any number ",
        "userDefined": false
      },
      {
        "text": "divided by",
        "meta": "@Division",
        "alias": "Division",
        "userDefined": false
      },
      {
        "text": " ",
        "userDefined": false
      },
      {
        "text": "100",
        "meta": "@sys.number",
        "alias": "number",
        "userDefined": false
      },
      {
        "text": " is said to be its ",
        "userDefined": false
      },
      {
        "text": "percent",
        "meta": "@Percent",
        "alias": "Percent",
        "userDefined": false
      }
    ],
    "isTemplate": false,
    "count": 0,
    "lang": "en",
    "updated": 0
  },
  {
    "id": "0c26ccc9-f15d-402b-b398-33fc9637830f",
    "data": [
      {
        "text": "/100",
        "userDefined": false
      }
    ],
    "isTemplate": false,
    "count": 0,
    "lang": "en",
    "updated": 0
  },
  {
    "id": "884cca9a-bac8-4f71-aa11-93a51678b4b9",
    "data": [
      {
        "text": "A number ",
        "userDefined": false
      },
      {
        "text": "divided by",
        "meta": "@Division",
        "alias": "Division",
        "userDefined": false
      },
      {
        "text": " ",
        "userDefined": false
      },
      {
        "text": "100",
        "meta": "@sys.number",
        "alias": "number",
        "userDefined": false
      }
    ],
    "isTemplate": false,
    "count": 0,
    "lang": "en",
    "updated": 0
  },
  {
    "id": "d445ab77-c0d3-4ea6-9a53-03be9265af3d",
    "data": [
      {
        "text": "Divided by",
        "meta": "@Division",
        "alias": "Division",
        "userDefined": false
      },
      {
        "text": " ",
        "userDefined": false
      },
      {
        "text": "100",
        "meta": "@sys.number",
        "alias": "number",
        "userDefined": false
      }
    ],
    "isTemplate": false,
    "count": 0,
    "lang": "en",
    "updated": 0
  },
  {
    "id": "0d191b80-5f87-47bf-8085-a1000ab68016",
    "data": [
      {
        "text": "Percent",
        "meta": "@Percent",
        "alias": "Percent",
        "userDefined": false
      },
      {
        "text": " is ",
        "userDefined": false
      },
      {
        "text": "divided by",
        "meta": "@Division",
        "alias": "Division",
        "userDefined": false
      },
      {
        "text": " ",
        "userDefined": false
      },
      {
        "text": "100",
        "meta": "@sys.number",
        "alias": "number",
        "userDefined": false
      },
      {
        "text": ".",
        "userDefined": false
      }
    ],
    "isTemplate": false,
    "count": 0,
    "lang": "en",
    "updated": 0
  }
]