[
  {
    "id": "94fbd2d6-aa6e-4ca1-ba82-e0b9853cbd1d",
    "data": [
      {
        "text": "%",
        "userDefined": false
      }
    ],
    "isTemplate": false,
    "count": 1,
    "lang": "en",
    "updated": 0
  },
  {
    "id": "e3b81acf-ffb4-4f41-92f5-7705c615337f",
    "data": [
      {
        "text": "yes this symbol is %",
        "userDefined": false
      }
    ],
    "isTemplate": false,
    "count": 0,
    "lang": "en",
    "updated": 0
  },
  {
    "id": "aaff0860-80e2-452e-b02a-6cf887bc84a8",
    "data": [
      {
        "text": "Percent",
        "meta": "@Percent",
        "alias": "Percent1",
        "userDefined": false
      },
      {
        "text": " or ",
        "userDefined": false
      },
      {
        "text": "percentage",
        "meta": "@Percent",
        "alias": "Percent",
        "userDefined": false
      },
      {
        "text": " can be represented ",
        "userDefined": false
      },
      {
        "text": "by",
        "meta": "@Multiplication",
        "alias": "Multiplication",
        "userDefined": false
      },
      {
        "text": " using the symbol - %",
        "userDefined": false
      }
    ],
    "isTemplate": false,
    "count": 0,
    "lang": "en",
    "updated": 0
  },
  {
    "id": "d8ffed86-3e2d-4f92-be28-bff0105b31e4",
    "data": [
      {
        "text": "Oh that! ",
        "userDefined": false
      },
      {
        "text": "Percent",
        "meta": "@Percent",
        "alias": "Percent",
        "userDefined": false
      },
      {
        "text": " can be represented using the symbol - %",
        "userDefined": false
      }
    ],
    "isTemplate": false,
    "count": 0,
    "lang": "en",
    "updated": 0
  },
  {
    "id": "42406d91-293f-49d0-8700-1b3d5253bbcc",
    "data": [
      {
        "text": "Percent",
        "meta": "@Percent",
        "alias": "Percent",
        "userDefined": false
      },
      {
        "text": " can be represented symbolically as %",
        "userDefined": false
      }
    ],
    "isTemplate": false,
    "count": 0,
    "lang": "en",
    "updated": 0
  },
  {
    "id": "e61062d8-1165-4e64-bad5-317a3fd4c80d",
    "data": [
      {
        "text": "Eklavya, we know that the symbol for ",
        "userDefined": false
      },
      {
        "text": "percent",
        "meta": "@Percent",
        "alias": "Percent",
        "userDefined": false
      },
      {
        "text": " is %",
        "userDefined": false
      }
    ],
    "isTemplate": false,
    "count": 0,
    "lang": "en",
    "updated": 0
  },
  {
    "id": "de97b307-e05c-4070-bf09-6af1814d2b2a",
    "data": [
      {
        "text": "percent",
        "meta": "@Percent",
        "alias": "Percent",
        "userDefined": false
      },
      {
        "text": " is the symbol for %",
        "userDefined": false
      }
    ],
    "isTemplate": false,
    "count": 0,
    "lang": "en",
    "updated": 0
  },
  {
    "id": "f23d87d2-1338-458b-956b-98bf55b0ede3",
    "data": [
      {
        "text": "% is the symbol for %",
        "userDefined": false
      }
    ],
    "isTemplate": false,
    "count": 1,
    "lang": "en",
    "updated": 0
  },
  {
    "id": "37baca3f-d917-4ffb-a7ee-1e2f39d8731b",
    "data": [
      {
        "text": "The symbol for ",
        "userDefined": false
      },
      {
        "text": "percent",
        "meta": "@Percent",
        "alias": "Percent",
        "userDefined": false
      },
      {
        "text": " is %",
        "userDefined": false
      }
    ],
    "isTemplate": false,
    "count": 0,
    "lang": "en",
    "updated": 0
  },
  {
    "id": "79650950-37a8-4f25-b038-786c9cc3a87b",
    "data": [
      {
        "text": "Yes, it is %",
        "userDefined": false
      }
    ],
    "isTemplate": false,
    "count": 0,
    "lang": "en",
    "updated": 0
  },
  {
    "id": "48b657ca-1883-43be-97df-4b0d3ae8bfa9",
    "data": [
      {
        "text": "It is %",
        "userDefined": false
      }
    ],
    "isTemplate": false,
    "count": 0,
    "lang": "en",
    "updated": 0
  },
  {
    "id": "d5c62836-795d-4dcb-a428-833531e2fda9",
    "data": [
      {
        "text": "Yes",
        "userDefined": false
      }
    ],
    "isTemplate": false,
    "count": 0,
    "lang": "en",
    "updated": 0
  }
]