[
  {
    "id": "6f0448c5-d2e2-48c5-8d40-f8c6aadc849a",
    "data": [
      {
        "text": "(",
        "userDefined": false
      },
      {
        "text": "75",
        "meta": "@sys.number",
        "alias": "number",
        "userDefined": false
      },
      {
        "text": " /",
        "userDefined": false
      },
      {
        "text": "100",
        "meta": "@sys.number",
        "alias": "number1",
        "userDefined": false
      },
      {
        "text": ") *",
        "userDefined": false
      },
      {
        "text": "3000",
        "meta": "@sys.number",
        "alias": "number11",
        "userDefined": false
      }
    ],
    "isTemplate": false,
    "count": 0,
    "lang": "en",
    "updated": 0
  },
  {
    "id": "b5e485bf-f00e-4e12-9ce7-d69f1813a3eb",
    "data": [
      {
        "text": "(",
        "userDefined": false
      },
      {
        "text": "3000",
        "meta": "@sys.number",
        "alias": "number",
        "userDefined": false
      },
      {
        "text": "/",
        "userDefined": false
      },
      {
        "text": "100",
        "meta": "@sys.number",
        "alias": "number1",
        "userDefined": false
      },
      {
        "text": ")*",
        "userDefined": false
      },
      {
        "text": "75",
        "meta": "@sys.number",
        "alias": "number11",
        "userDefined": false
      }
    ],
    "isTemplate": false,
    "count": 0,
    "lang": "en",
    "updated": 0
  },
  {
    "id": "9938672e-4032-4e14-83ca-4463844aeac8",
    "data": [
      {
        "text": "The problem can be written in a mathematical way ",
        "userDefined": false
      },
      {
        "text": "by",
        "meta": "@Multiplication",
        "alias": "Multiplication",
        "userDefined": false
      },
      {
        "text": " replacing words like \u0027",
        "userDefined": false
      },
      {
        "text": "of",
        "meta": "@Multiplication",
        "alias": "Multiplication1",
        "userDefined": false
      },
      {
        "text": "\u0027 ",
        "userDefined": false
      },
      {
        "text": "and",
        "meta": "@Multiplication",
        "alias": "Multiplication2",
        "userDefined": false
      },
      {
        "text": " \u0027",
        "userDefined": false
      },
      {
        "text": "percent",
        "meta": "@Percent",
        "alias": "Percent",
        "userDefined": false
      },
      {
        "text": "\u0027 ",
        "userDefined": false
      },
      {
        "text": "by",
        "meta": "@Multiplication",
        "alias": "Multiplication3",
        "userDefined": false
      },
      {
        "text": " their corresponding operations. We know that ",
        "userDefined": false
      },
      {
        "text": "75%",
        "meta": "@sys.percentage",
        "alias": "percentage",
        "userDefined": false
      },
      {
        "text": " is ",
        "userDefined": false
      },
      {
        "text": "75",
        "meta": "@sys.number",
        "alias": "number",
        "userDefined": false
      },
      {
        "text": " ",
        "userDefined": false
      },
      {
        "text": "divided by",
        "meta": "@Division",
        "alias": "Division",
        "userDefined": false
      },
      {
        "text": " 100. Of 3000 means *3000. So, it can be written as follows - (75/100)*3000",
        "userDefined": false
      }
    ],
    "isTemplate": false,
    "count": 0,
    "lang": "en",
    "updated": 0
  },
  {
    "id": "2c9eaa5b-5250-49d6-b183-6fb80a6595d4",
    "data": [
      {
        "text": "The complete problem can be written in a mathematical way ",
        "userDefined": false
      },
      {
        "text": "by",
        "meta": "@Multiplication",
        "alias": "Multiplication",
        "userDefined": false
      },
      {
        "text": " replacing words like \u0027",
        "userDefined": false
      },
      {
        "text": "of",
        "meta": "@Multiplication",
        "alias": "Multiplication1",
        "userDefined": false
      },
      {
        "text": "\u0027 ",
        "userDefined": false
      },
      {
        "text": "and",
        "meta": "@Multiplication",
        "alias": "Multiplication2",
        "userDefined": false
      },
      {
        "text": " \u0027",
        "userDefined": false
      },
      {
        "text": "percent",
        "meta": "@Percent",
        "alias": "Percent",
        "userDefined": false
      },
      {
        "text": "\u0027 ",
        "userDefined": false
      },
      {
        "text": "by",
        "meta": "@Multiplication",
        "alias": "Multiplication3",
        "userDefined": false
      },
      {
        "text": " their corresponding operations. So, it will be - (75/",
        "userDefined": false
      },
      {
        "text": "100",
        "meta": "@sys.number",
        "alias": "number",
        "userDefined": false
      },
      {
        "text": ")*",
        "userDefined": false
      },
      {
        "text": "3000",
        "meta": "@sys.number",
        "alias": "number1",
        "userDefined": false
      }
    ],
    "isTemplate": false,
    "count": 0,
    "lang": "en",
    "updated": 0
  },
  {
    "id": "d1260eb0-f9f1-4694-9ddc-de526aab4fdb",
    "data": [
      {
        "text": "The complete problem can be written in ",
        "userDefined": false
      },
      {
        "text": "a",
        "meta": "@Fractions",
        "alias": "Fractions",
        "userDefined": false
      },
      {
        "text": " mathematical way ",
        "userDefined": false
      },
      {
        "text": "by",
        "meta": "@Multiplication",
        "alias": "Multiplication",
        "userDefined": false
      },
      {
        "text": " replacing words like \u0027",
        "userDefined": false
      },
      {
        "text": "of",
        "meta": "@Multiplication",
        "alias": "Multiplication1",
        "userDefined": false
      },
      {
        "text": "\u0027 ",
        "userDefined": false
      },
      {
        "text": "and",
        "meta": "@Multiplication",
        "alias": "Multiplication2",
        "userDefined": false
      },
      {
        "text": " \u0027",
        "userDefined": false
      },
      {
        "text": "percent",
        "meta": "@Percent",
        "alias": "Percent",
        "userDefined": false
      },
      {
        "text": "\u0027 ",
        "userDefined": false
      },
      {
        "text": "by",
        "meta": "@Multiplication",
        "alias": "Multiplication3",
        "userDefined": false
      },
      {
        "text": " their corresponding operations. So, we know that ",
        "userDefined": false
      },
      {
        "text": "75",
        "meta": "@sys.number",
        "alias": "number",
        "userDefined": false
      },
      {
        "text": " ",
        "userDefined": false
      },
      {
        "text": "percent",
        "meta": "@Percent",
        "alias": "Percent1",
        "userDefined": false
      },
      {
        "text": " is ",
        "userDefined": false
      },
      {
        "text": "75",
        "meta": "@sys.number",
        "alias": "number1",
        "userDefined": false
      },
      {
        "text": " divided by 100. Of 3000 means *3000. Finally, it can be written as  follows - (75/100)*3000.",
        "userDefined": false
      }
    ],
    "isTemplate": false,
    "count": 0,
    "lang": "en",
    "updated": 0
  },
  {
    "id": "db1b0aa1-5b98-471d-a2ae-ae5c1cc27fb6",
    "data": [
      {
        "text": "So, we know that ",
        "userDefined": false
      },
      {
        "text": "75 percent",
        "meta": "@sys.percentage",
        "alias": "percentage",
        "userDefined": false
      },
      {
        "text": " is ",
        "userDefined": false
      },
      {
        "text": "75",
        "meta": "@sys.number",
        "alias": "number",
        "userDefined": false
      },
      {
        "text": " ",
        "userDefined": false
      },
      {
        "text": "divided by",
        "meta": "@Division",
        "alias": "Division",
        "userDefined": false
      },
      {
        "text": " ",
        "userDefined": false
      },
      {
        "text": "100",
        "meta": "@sys.number",
        "alias": "number1",
        "userDefined": false
      },
      {
        "text": ". ",
        "userDefined": false
      },
      {
        "text": "Of",
        "meta": "@Multiplication",
        "alias": "Multiplication",
        "userDefined": false
      },
      {
        "text": " ",
        "userDefined": false
      },
      {
        "text": "3000",
        "meta": "@sys.number",
        "alias": "number11",
        "userDefined": false
      },
      {
        "text": " means *",
        "userDefined": false
      },
      {
        "text": "3000",
        "meta": "@sys.number",
        "alias": "number111",
        "userDefined": false
      },
      {
        "text": ". Finally, it can be written as  follows - (",
        "userDefined": false
      },
      {
        "text": "75",
        "meta": "@sys.number",
        "alias": "number2",
        "userDefined": false
      },
      {
        "text": "/",
        "userDefined": false
      },
      {
        "text": "100",
        "meta": "@sys.number",
        "alias": "number3",
        "userDefined": false
      },
      {
        "text": ")*",
        "userDefined": false
      },
      {
        "text": "3000",
        "meta": "@sys.number",
        "alias": "number4",
        "userDefined": false
      },
      {
        "text": ".",
        "userDefined": false
      }
    ],
    "isTemplate": false,
    "count": 0,
    "lang": "en",
    "updated": 0
  },
  {
    "id": "6b8bff9e-823b-4bbd-9bda-ff308d62a715",
    "data": [
      {
        "text": "So, we ",
        "userDefined": false
      },
      {
        "text": "75 percent",
        "meta": "@sys.percentage",
        "alias": "percentage",
        "userDefined": false
      },
      {
        "text": " is ",
        "userDefined": false
      },
      {
        "text": "75",
        "meta": "@sys.number",
        "alias": "number",
        "userDefined": false
      },
      {
        "text": " ",
        "userDefined": false
      },
      {
        "text": "divided by",
        "meta": "@Division",
        "alias": "Division",
        "userDefined": false
      },
      {
        "text": " ",
        "userDefined": false
      },
      {
        "text": "100",
        "meta": "@sys.number",
        "alias": "number1",
        "userDefined": false
      },
      {
        "text": ". ",
        "userDefined": false
      },
      {
        "text": "Of",
        "meta": "@Multiplication",
        "alias": "Multiplication",
        "userDefined": false
      },
      {
        "text": " ",
        "userDefined": false
      },
      {
        "text": "3000",
        "meta": "@sys.number",
        "alias": "number11",
        "userDefined": false
      },
      {
        "text": " means *",
        "userDefined": false
      },
      {
        "text": "3000",
        "meta": "@sys.number",
        "alias": "number111",
        "userDefined": false
      },
      {
        "text": ". Finally, it can be written as  follows - (",
        "userDefined": false
      },
      {
        "text": "75",
        "meta": "@sys.number",
        "alias": "number2",
        "userDefined": false
      },
      {
        "text": "/",
        "userDefined": false
      },
      {
        "text": "100",
        "meta": "@sys.number",
        "alias": "number3",
        "userDefined": false
      },
      {
        "text": ")*",
        "userDefined": false
      },
      {
        "text": "3000",
        "meta": "@sys.number",
        "alias": "number4",
        "userDefined": false
      },
      {
        "text": ".",
        "userDefined": false
      }
    ],
    "isTemplate": false,
    "count": 0,
    "lang": "en",
    "updated": 0
  },
  {
    "id": "71bc75b3-6b3a-4955-8f6b-75179fb18cb6",
    "data": [
      {
        "text": "(",
        "userDefined": false
      },
      {
        "text": "75",
        "meta": "@sys.number",
        "alias": "number",
        "userDefined": false
      },
      {
        "text": "*",
        "userDefined": false
      },
      {
        "text": "3000",
        "meta": "@sys.number",
        "alias": "number1",
        "userDefined": false
      },
      {
        "text": ")/",
        "userDefined": false
      },
      {
        "text": "100",
        "meta": "@sys.number",
        "alias": "number11",
        "userDefined": false
      },
      {
        "text": " is one way to write the problem in the mathematical form!",
        "userDefined": false
      }
    ],
    "isTemplate": false,
    "count": 0,
    "lang": "en",
    "updated": 0
  },
  {
    "id": "047a063a-826c-4513-907b-445115178dbc",
    "data": [
      {
        "text": "We can write the problem in the mathematical way as follows -",
        "userDefined": false
      }
    ],
    "isTemplate": false,
    "count": 0,
    "lang": "en",
    "updated": 0
  },
  {
    "id": "f2f50efb-a56b-4e5f-aebc-ddc33d0411ad",
    "data": [
      {
        "text": "It can be written as - (",
        "userDefined": false
      },
      {
        "text": "75",
        "meta": "@sys.number",
        "alias": "number",
        "userDefined": false
      },
      {
        "text": "/",
        "userDefined": false
      },
      {
        "text": "100",
        "meta": "@sys.number",
        "alias": "number1",
        "userDefined": false
      },
      {
        "text": ")*",
        "userDefined": false
      },
      {
        "text": "3000",
        "meta": "@sys.number",
        "alias": "number11",
        "userDefined": false
      }
    ],
    "isTemplate": false,
    "count": 0,
    "lang": "en",
    "updated": 0
  },
  {
    "id": "aaf601b9-e47b-46d5-a5e9-d80ada50572a",
    "data": [
      {
        "text": "The equation can be written in the mathematical format as follows - (",
        "userDefined": false
      },
      {
        "text": "75",
        "meta": "@sys.number",
        "alias": "number",
        "userDefined": false
      },
      {
        "text": "/",
        "userDefined": false
      },
      {
        "text": "100",
        "meta": "@sys.number",
        "alias": "number1",
        "userDefined": false
      },
      {
        "text": ")*",
        "userDefined": false
      },
      {
        "text": "3000",
        "meta": "@sys.number",
        "alias": "number11",
        "userDefined": false
      }
    ],
    "isTemplate": false,
    "count": 0,
    "lang": "en",
    "updated": 0
  },
  {
    "id": "611cef89-4d99-42a6-9900-eb490552f082",
    "data": [
      {
        "text": "It will be (",
        "userDefined": false
      },
      {
        "text": "75",
        "meta": "@sys.number",
        "alias": "number",
        "userDefined": false
      },
      {
        "text": "/",
        "userDefined": false
      },
      {
        "text": "100",
        "meta": "@sys.number",
        "alias": "number1",
        "userDefined": false
      },
      {
        "text": ")*",
        "userDefined": false
      },
      {
        "text": "3000",
        "meta": "@sys.number",
        "alias": "number11",
        "userDefined": false
      }
    ],
    "isTemplate": false,
    "count": 0,
    "lang": "en",
    "updated": 0
  },
  {
    "id": "2e5d4a4b-6835-425c-8586-288300823916",
    "data": [
      {
        "text": "(",
        "userDefined": false
      },
      {
        "text": "75",
        "meta": "@sys.number",
        "alias": "number",
        "userDefined": false
      },
      {
        "text": "/",
        "userDefined": false
      },
      {
        "text": "100",
        "meta": "@sys.number",
        "alias": "number1",
        "userDefined": false
      },
      {
        "text": ")*",
        "userDefined": false
      },
      {
        "text": "3000",
        "meta": "@sys.number",
        "alias": "number11",
        "userDefined": false
      }
    ],
    "isTemplate": false,
    "count": 0,
    "lang": "en",
    "updated": 0
  },
  {
    "id": "68ffe1e0-80e3-4f9b-bea7-c7062502926e",
    "data": [
      {
        "text": "75",
        "meta": "@sys.number",
        "alias": "number",
        "userDefined": false
      },
      {
        "text": "*",
        "userDefined": false
      },
      {
        "text": "3000",
        "meta": "@sys.number",
        "alias": "number1",
        "userDefined": false
      },
      {
        "text": "/",
        "userDefined": false
      },
      {
        "text": "100",
        "meta": "@sys.number",
        "alias": "number11",
        "userDefined": false
      }
    ],
    "isTemplate": false,
    "count": 0,
    "lang": "en",
    "updated": 0
  },
  {
    "id": "b5ab476f-2879-491e-8099-69d76df64c20",
    "data": [
      {
        "text": "75",
        "meta": "@sys.number",
        "alias": "number",
        "userDefined": false
      },
      {
        "text": "x3000/",
        "userDefined": false
      },
      {
        "text": "100",
        "meta": "@sys.number",
        "alias": "number1",
        "userDefined": false
      }
    ],
    "isTemplate": false,
    "count": 1,
    "lang": "en",
    "updated": 0
  }
]