[
  {
    "id": "d94f9b36-f023-4f46-bde7-945114a37c7a",
    "data": [
      {
        "text": "100",
        "meta": "@sys.number",
        "alias": "number",
        "userDefined": false
      }
    ],
    "isTemplate": false,
    "count": 1,
    "lang": "en",
    "updated": 0
  },
  {
    "id": "12fb4e2d-e61e-46af-962e-16b87112edb8",
    "data": [
      {
        "text": "The ",
        "userDefined": false
      },
      {
        "text": "divisor",
        "meta": "@Denominator",
        "alias": "Denominator",
        "userDefined": false
      },
      {
        "text": " is ",
        "userDefined": false
      },
      {
        "text": "100 in",
        "meta": "@sys.unit-length",
        "alias": "unit-length",
        "userDefined": false
      },
      {
        "text": " (",
        "userDefined": false
      },
      {
        "text": "225000",
        "meta": "@sys.number",
        "alias": "number",
        "userDefined": false
      },
      {
        "text": "/",
        "userDefined": false
      },
      {
        "text": "100",
        "meta": "@sys.number",
        "alias": "number1",
        "userDefined": false
      },
      {
        "text": ") as it is the ",
        "userDefined": false
      },
      {
        "text": "denominator",
        "meta": "@Fractions",
        "alias": "Fractions",
        "userDefined": false
      },
      {
        "text": ". But you need to keep in mind that it is not always necessary that the ",
        "userDefined": false
      },
      {
        "text": "divisor",
        "meta": "@Denominator",
        "alias": "Denominator1",
        "userDefined": false
      },
      {
        "text": " will always be smaller than dividend. For example, in 25 percent, 100 is the divisor and 25 is the dividend.",
        "userDefined": false
      }
    ],
    "isTemplate": false,
    "count": 0,
    "lang": "en",
    "updated": 0
  },
  {
    "id": "98d38117-c0d0-4efd-8c0c-b1b9ffdf1e9f",
    "data": [
      {
        "text": "The ",
        "userDefined": false
      },
      {
        "text": "divisor",
        "meta": "@Denominator",
        "alias": "Denominator",
        "userDefined": false
      },
      {
        "text": " is ",
        "userDefined": false
      },
      {
        "text": "100 in",
        "meta": "@sys.unit-length",
        "alias": "unit-length",
        "userDefined": false
      },
      {
        "text": " (",
        "userDefined": false
      },
      {
        "text": "225000",
        "meta": "@sys.number",
        "alias": "number",
        "userDefined": false
      },
      {
        "text": "/",
        "userDefined": false
      },
      {
        "text": "100",
        "meta": "@sys.number",
        "alias": "number1",
        "userDefined": false
      },
      {
        "text": ") but you need to keep in mind that it is not always necessary that the ",
        "userDefined": false
      },
      {
        "text": "divisor",
        "meta": "@Denominator",
        "alias": "Denominator1",
        "userDefined": false
      },
      {
        "text": " will always be smaller than dividend. For example, in 25 percent, 100 is the divisor and 25 is the dividend.",
        "userDefined": false
      }
    ],
    "isTemplate": false,
    "count": 0,
    "lang": "en",
    "updated": 0
  },
  {
    "id": "bc9e8d40-87d3-49e4-ab85-f47074159a4a",
    "data": [
      {
        "text": "When ",
        "userDefined": false
      },
      {
        "text": "22500",
        "meta": "@sys.number",
        "alias": "number",
        "userDefined": false
      },
      {
        "text": " ",
        "userDefined": false
      },
      {
        "text": "divided by",
        "meta": "@Division",
        "alias": "Division",
        "userDefined": false
      },
      {
        "text": " ",
        "userDefined": false
      },
      {
        "text": "100",
        "meta": "@sys.number",
        "alias": "number1",
        "userDefined": false
      },
      {
        "text": ", ",
        "userDefined": false
      },
      {
        "text": "100",
        "meta": "@sys.number",
        "alias": "number11",
        "userDefined": false
      },
      {
        "text": " is the ",
        "userDefined": false
      },
      {
        "text": "divisor",
        "meta": "@Denominator",
        "alias": "Denominator",
        "userDefined": false
      },
      {
        "text": ".",
        "userDefined": false
      }
    ],
    "isTemplate": false,
    "count": 0,
    "lang": "en",
    "updated": 0
  },
  {
    "id": "c0043dc1-ea2a-4df9-8991-8cf95e251213",
    "data": [
      {
        "text": "So, ",
        "userDefined": false
      },
      {
        "text": "divisor",
        "meta": "@Denominator",
        "alias": "Denominator",
        "userDefined": false
      },
      {
        "text": " is the number ",
        "userDefined": false
      },
      {
        "text": "by",
        "meta": "@Multiplication",
        "alias": "Multiplication",
        "userDefined": false
      },
      {
        "text": " which another number is to be ",
        "userDefined": false
      },
      {
        "text": "divided",
        "meta": "@Division",
        "alias": "Division",
        "userDefined": false
      },
      {
        "text": ".",
        "userDefined": false
      }
    ],
    "isTemplate": false,
    "count": 0,
    "lang": "en",
    "updated": 0
  },
  {
    "id": "e0517e9d-6309-4764-8030-fc1aac5c5175",
    "data": [
      {
        "text": "so",
        "userDefined": false
      }
    ],
    "isTemplate": false,
    "count": 0,
    "lang": "en",
    "updated": 0
  },
  {
    "id": "a4745216-f888-459c-a64f-2ba9bb5b3556",
    "data": [
      {
        "text": "Generally, ",
        "userDefined": false
      },
      {
        "text": "denominator",
        "meta": "@Fractions",
        "alias": "Fractions",
        "userDefined": false
      },
      {
        "text": " is the ",
        "userDefined": false
      },
      {
        "text": "divisor",
        "meta": "@Denominator",
        "alias": "Denominator",
        "userDefined": false
      },
      {
        "text": " ",
        "userDefined": false
      },
      {
        "text": "and",
        "meta": "@Multiplication",
        "alias": "Multiplication",
        "userDefined": false
      },
      {
        "text": " hence in this case, it is ",
        "userDefined": false
      },
      {
        "text": "100",
        "meta": "@sys.phone-number",
        "alias": "phone-number",
        "userDefined": false
      }
    ],
    "isTemplate": false,
    "count": 0,
    "lang": "en",
    "updated": 0
  },
  {
    "id": "601712c5-c550-4d22-bc1c-d7239b79ddbd",
    "data": [
      {
        "text": "100",
        "meta": "@sys.number",
        "alias": "number",
        "userDefined": false
      },
      {
        "text": " is ",
        "userDefined": false
      },
      {
        "text": "divisor",
        "meta": "@Denominator",
        "alias": "Denominator",
        "userDefined": false
      },
      {
        "text": " among ",
        "userDefined": false
      },
      {
        "text": "225000 and 100",
        "meta": "@sys.number",
        "alias": "number1",
        "userDefined": false
      }
    ],
    "isTemplate": false,
    "count": 0,
    "lang": "en",
    "updated": 0
  },
  {
    "id": "85ab2d3c-0640-48e9-b382-adbf4c91e8ec",
    "data": [
      {
        "text": "sau",
        "userDefined": false
      }
    ],
    "isTemplate": false,
    "count": 0,
    "lang": "en",
    "updated": 0
  },
  {
    "id": "977171d2-f78a-4c4a-8147-c5af3f3ff492",
    "data": [
      {
        "text": "hundred",
        "meta": "@sys.number",
        "alias": "number",
        "userDefined": false
      }
    ],
    "isTemplate": false,
    "count": 0,
    "lang": "en",
    "updated": 0
  },
  {
    "id": "7f76e403-1cca-4f1f-b400-036cef644d9d",
    "data": [
      {
        "text": "100",
        "meta": "@sys.number",
        "alias": "number",
        "userDefined": false
      },
      {
        "text": " is the ",
        "userDefined": false
      },
      {
        "text": "denominator",
        "meta": "@Fractions",
        "alias": "Fractions",
        "userDefined": false
      },
      {
        "text": " ",
        "userDefined": false
      },
      {
        "text": "and",
        "meta": "@Multiplication",
        "alias": "Multiplication",
        "userDefined": false
      },
      {
        "text": " hence it is the ",
        "userDefined": false
      },
      {
        "text": "divisor",
        "meta": "@Denominator",
        "alias": "Denominator",
        "userDefined": false
      }
    ],
    "isTemplate": false,
    "count": 0,
    "lang": "en",
    "updated": 0
  },
  {
    "id": "ec2d04c2-c330-4b73-b50c-b3331500d518",
    "data": [
      {
        "text": "Divisor",
        "meta": "@Denominator",
        "alias": "Denominator",
        "userDefined": false
      },
      {
        "text": " is ",
        "userDefined": false
      },
      {
        "text": "100",
        "meta": "@sys.number",
        "alias": "number",
        "userDefined": false
      }
    ],
    "isTemplate": false,
    "count": 0,
    "lang": "en",
    "updated": 0
  },
  {
    "id": "dcc6731e-d060-4e66-b387-54f8fe7b4501",
    "data": [
      {
        "text": "100",
        "meta": "@sys.number",
        "alias": "number",
        "userDefined": false
      },
      {
        "text": " is the ",
        "userDefined": false
      },
      {
        "text": "divisor",
        "meta": "@Denominator",
        "alias": "Denominator",
        "userDefined": false
      }
    ],
    "isTemplate": false,
    "count": 1,
    "lang": "en",
    "updated": 0
  }
]