[
  {
    "id": "d65dabd1-4aba-43ee-96b4-a9208573470d",
    "data": [
      {
        "text": "A part ",
        "userDefined": false
      },
      {
        "text": "of",
        "meta": "@Multiplication",
        "alias": "Multiplication1",
        "userDefined": false
      },
      {
        "text": " total which is expressed in ",
        "userDefined": false
      },
      {
        "text": "100",
        "meta": "@sys.number",
        "alias": "number",
        "userDefined": false
      },
      {
        "text": " .\n Eg\u003d",
        "userDefined": false
      },
      {
        "text": "65",
        "meta": "@sys.number",
        "alias": "number",
        "userDefined": false
      },
      {
        "text": "%",
        "meta": "@Percent",
        "alias": "Percent",
        "userDefined": false
      },
      {
        "text": "\u003d",
        "userDefined": false
      },
      {
        "text": "65/100",
        "meta": "@sys.number",
        "alias": "number",
        "userDefined": false
      },
      {
        "text": "\u003d",
        "userDefined": false
      },
      {
        "text": "0.65",
        "meta": "@sys.number",
        "alias": "number",
        "userDefined": false
      }
    ],
    "isTemplate": false,
    "count": 0,
    "lang": "en",
    "updated": 0
  },
  {
    "id": "186c358b-0263-4d11-a1ed-bbf3e3f6abe6",
    "data": [
      {
        "text": "शंभर",
        "meta": "@sys.number",
        "alias": "number",
        "userDefined": false
      },
      {
        "text": " पैकी किती असेल असे काढायचे.",
        "userDefined": false
      }
    ],
    "isTemplate": false,
    "count": 0,
    "lang": "en",
    "updated": 0
  },
  {
    "id": "0096f30e-801b-4ba9-bd9a-0f851b180163",
    "data": [
      {
        "text": "Percentage",
        "meta": "@Percent",
        "alias": "Percent",
        "userDefined": false
      },
      {
        "text": " is the result obtained ",
        "userDefined": false
      },
      {
        "text": "by",
        "meta": "@Multiplication",
        "alias": "Multiplication1",
        "userDefined": false
      },
      {
        "text": " multiplying a quantity ",
        "userDefined": false
      },
      {
        "text": "by",
        "meta": "@Multiplication",
        "alias": "Multiplication1",
        "userDefined": false
      },
      {
        "text": " ",
        "userDefined": false
      },
      {
        "text": "percent",
        "meta": "@Percent",
        "alias": "Percent",
        "userDefined": false
      },
      {
        "text": ".",
        "userDefined": false
      }
    ],
    "isTemplate": false,
    "count": 0,
    "lang": "en",
    "updated": 0
  },
  {
    "id": "bbf4ff48-8913-41f0-bd3b-74936e2b8724",
    "data": [
      {
        "text": "Percentage",
        "meta": "@Percent",
        "alias": "Percent",
        "userDefined": false
      },
      {
        "text": " म्हणजे टक्केवारी.\n टक्केवारी काढणे ",
        "userDefined": false
      },
      {
        "text": "शंभर",
        "meta": "@sys.number",
        "alias": "number",
        "userDefined": false
      },
      {
        "text": " पैकी भाग काढणे.",
        "userDefined": false
      }
    ],
    "isTemplate": false,
    "count": 0,
    "lang": "en",
    "updated": 0
  },
  {
    "id": "aadb5383-be3e-46c8-a14a-f6d1bee28bcf",
    "data": [
      {
        "text": "percentage",
        "meta": "@Percent",
        "alias": "Percent",
        "userDefined": false
      },
      {
        "text": " is a ratio ",
        "userDefined": false
      },
      {
        "text": "of",
        "meta": "@Multiplication",
        "alias": "Multiplication1",
        "userDefined": false
      },
      {
        "text": " any number to ",
        "userDefined": false
      },
      {
        "text": "100",
        "meta": "@sys.number",
        "alias": "number",
        "userDefined": false
      }
    ],
    "isTemplate": false,
    "count": 0,
    "lang": "en",
    "updated": 0
  },
  {
    "id": "d547d428-a984-44c8-a48e-60489f9a25b5",
    "data": [
      {
        "text": "per",
        "meta": "@sys.person",
        "alias": "person",
        "userDefined": false
      },
      {
        "text": " \u003d upon , cent \u003d ",
        "userDefined": false
      },
      {
        "text": "100",
        "meta": "@sys.number",
        "alias": "number",
        "userDefined": false
      },
      {
        "text": "\n ",
        "userDefined": false
      },
      {
        "text": "50",
        "meta": "@sys.number",
        "alias": "number",
        "userDefined": false
      },
      {
        "text": " ",
        "userDefined": false
      },
      {
        "text": "percent",
        "meta": "@Percent",
        "alias": "Percent",
        "userDefined": false
      },
      {
        "text": " of ",
        "userDefined": false
      },
      {
        "text": "10",
        "meta": "@sys.number",
        "alias": "number",
        "userDefined": false
      },
      {
        "text": " \u003d ",
        "userDefined": false
      },
      {
        "text": "50",
        "meta": "@sys.number",
        "alias": "number",
        "userDefined": false
      },
      {
        "text": " *",
        "userDefined": false
      },
      {
        "text": "10",
        "meta": "@sys.number",
        "alias": "number",
        "userDefined": false
      },
      {
        "text": "\\",
        "userDefined": false
      },
      {
        "text": "100",
        "meta": "@sys.number",
        "alias": "number",
        "userDefined": false
      }
    ],
    "isTemplate": false,
    "count": 0,
    "lang": "en",
    "updated": 0
  },
  {
    "id": "135f963a-e0cd-470a-8d4d-da31fa8778ba",
    "data": [
      {
        "text": "Per means ",
        "userDefined": false
      },
      {
        "text": "division",
        "meta": "@Division",
        "alias": "Division1",
        "userDefined": false
      },
      {
        "text": " and cent means ",
        "userDefined": false
      },
      {
        "text": "100",
        "meta": "@sys.number",
        "alias": "number",
        "userDefined": false
      },
      {
        "text": " . Symbol of ",
        "userDefined": false
      },
      {
        "text": "percent",
        "meta": "@Percent",
        "alias": "Percent",
        "userDefined": false
      },
      {
        "text": " is % . e.g. 50",
        "userDefined": false
      },
      {
        "text": "%",
        "meta": "@Percent",
        "alias": "Percent",
        "userDefined": false
      },
      {
        "text": " means ",
        "userDefined": false
      },
      {
        "text": "50/100",
        "meta": "@sys.number",
        "alias": "number",
        "userDefined": false
      },
      {
        "text": ".",
        "userDefined": false
      }
    ],
    "isTemplate": false,
    "count": 0,
    "lang": "en",
    "updated": 0
  },
  {
    "id": "e91d7ea1-17b9-439b-a9ac-a47bc51ed534",
    "data": [
      {
        "text": "the fraction in which ",
        "userDefined": false
      },
      {
        "text": "100",
        "meta": "@sys.number",
        "alias": "number",
        "userDefined": false
      },
      {
        "text": " is demoninator",
        "userDefined": false
      }
    ],
    "isTemplate": false,
    "count": 0,
    "lang": "en",
    "updated": 0
  },
  {
    "id": "81d54469-e988-42ca-8132-8d8706f5a53c",
    "data": [
      {
        "text": "percentage",
        "meta": "@Percent",
        "alias": "Percent",
        "userDefined": false
      },
      {
        "text": " means per - cent. that is per ",
        "userDefined": false
      },
      {
        "text": "100",
        "meta": "@sys.number",
        "alias": "number",
        "userDefined": false
      },
      {
        "text": ". if we want to ",
        "userDefined": false
      },
      {
        "text": "say",
        "meta": "@Division",
        "alias": "Division1",
        "userDefined": false
      },
      {
        "text": " we have ",
        "userDefined": false
      },
      {
        "text": "10",
        "meta": "@sys.number",
        "alias": "number",
        "userDefined": false
      },
      {
        "text": " apples out ",
        "userDefined": false
      },
      {
        "text": "of",
        "meta": "@Multiplication",
        "alias": "Multiplication1",
        "userDefined": false
      },
      {
        "text": " ",
        "userDefined": false
      },
      {
        "text": "100",
        "meta": "@sys.number",
        "alias": "number",
        "userDefined": false
      },
      {
        "text": " apples we can say we have ",
        "userDefined": false
      },
      {
        "text": "10",
        "meta": "@sys.number",
        "alias": "number",
        "userDefined": false
      },
      {
        "text": "%",
        "meta": "@Percent",
        "alias": "Percent",
        "userDefined": false
      },
      {
        "text": " apples",
        "userDefined": false
      }
    ],
    "isTemplate": false,
    "count": 0,
    "lang": "en",
    "updated": 0
  },
  {
    "id": "01674887-d7bb-4258-aaba-e81d8812a369",
    "data": [
      {
        "text": "per",
        "meta": "@sys.person",
        "alias": "person",
        "userDefined": false
      },
      {
        "text": " means ",
        "userDefined": false
      },
      {
        "text": "upon",
        "meta": "@Division",
        "alias": "Division1",
        "userDefined": false
      },
      {
        "text": " cent means ",
        "userDefined": false
      },
      {
        "text": "100",
        "meta": "@sys.number",
        "alias": "number",
        "userDefined": false
      }
    ],
    "isTemplate": false,
    "count": 0,
    "lang": "en",
    "updated": 0
  },
  {
    "id": "152405a0-7f89-4bf6-8971-d096a7a44c93",
    "data": [
      {
        "text": "The part ",
        "userDefined": false
      },
      {
        "text": "of",
        "meta": "@Multiplication",
        "alias": "Multiplication1",
        "userDefined": false
      },
      {
        "text": " whole expressed in hundredths is called ",
        "userDefined": false
      },
      {
        "text": "percentage",
        "meta": "@Percent",
        "alias": "Percent",
        "userDefined": false
      },
      {
        "text": ". \n ",
        "userDefined": false
      },
      {
        "text": "10/100",
        "meta": "@sys.number",
        "alias": "number",
        "userDefined": false
      },
      {
        "text": " \u003d ",
        "userDefined": false
      },
      {
        "text": "10",
        "meta": "@sys.number",
        "alias": "number",
        "userDefined": false
      },
      {
        "text": "%",
        "userDefined": false
      }
    ],
    "isTemplate": false,
    "count": 0,
    "lang": "en",
    "updated": 0
  },
  {
    "id": "8dc0ac3a-8a6d-4231-8ca5-50836be09c19",
    "data": [
      {
        "text": "Percent",
        "meta": "@Percent",
        "alias": "Percent",
        "userDefined": false
      },
      {
        "text": " means a number upon ",
        "userDefined": false
      },
      {
        "text": "100",
        "meta": "@sys.number",
        "alias": "number",
        "userDefined": false
      },
      {
        "text": ".Example",
        "userDefined": false
      },
      {
        "text": "-20/100",
        "meta": "@sys.number",
        "alias": "number",
        "userDefined": false
      },
      {
        "text": "\u003d",
        "userDefined": false
      },
      {
        "text": "20",
        "meta": "@sys.number",
        "alias": "number",
        "userDefined": false
      },
      {
        "text": "%",
        "meta": "@Division",
        "alias": "Division1",
        "userDefined": false
      }
    ],
    "isTemplate": false,
    "count": 0,
    "lang": "en",
    "updated": 0
  },
  {
    "id": "93c8329c-f5c2-414f-a9b3-89967c4ff030",
    "data": [
      {
        "text": "परसेंटेज म्हणजे एका आकड्याचे टक्केवारी काढायची जसे की ",
        "userDefined": false
      },
      {
        "text": "3000",
        "meta": "@sys.number",
        "alias": "number",
        "userDefined": false
      },
      {
        "text": " चे ",
        "userDefined": false
      },
      {
        "text": "75",
        "meta": "@sys.number",
        "alias": "number",
        "userDefined": false
      },
      {
        "text": " टक्के किती.",
        "userDefined": false
      }
    ],
    "isTemplate": false,
    "count": 0,
    "lang": "en",
    "updated": 0
  },
  {
    "id": "42e5f1a0-5740-48c3-829e-6ee788ca666b",
    "data": [
      {
        "text": "A number in ",
        "userDefined": false
      },
      {
        "text": "hundred",
        "meta": "@sys.number",
        "alias": "number",
        "userDefined": false
      },
      {
        "text": " . Eg. ",
        "userDefined": false
      },
      {
        "text": "25",
        "meta": "@sys.number",
        "alias": "number",
        "userDefined": false
      },
      {
        "text": "%",
        "meta": "@Percent",
        "alias": "Percent",
        "userDefined": false
      },
      {
        "text": "\u003d",
        "userDefined": false
      },
      {
        "text": "25/100",
        "meta": "@sys.number",
        "alias": "number",
        "userDefined": false
      }
    ],
    "isTemplate": false,
    "count": 0,
    "lang": "en",
    "updated": 0
  },
  {
    "id": "a7f69699-037d-4538-9866-2248f1573a5b",
    "data": [
      {
        "text": "A thing which is ",
        "userDefined": false
      },
      {
        "text": "divided by",
        "meta": "@Division",
        "alias": "Division1",
        "userDefined": false
      },
      {
        "text": " ",
        "userDefined": false
      },
      {
        "text": "100",
        "meta": "@sys.number",
        "alias": "number",
        "userDefined": false
      },
      {
        "text": " .. \n eg . 75 ",
        "userDefined": false
      },
      {
        "text": "%",
        "meta": "@Percent",
        "alias": "Percent",
        "userDefined": false
      },
      {
        "text": " means ",
        "userDefined": false
      },
      {
        "text": "75/100",
        "meta": "@sys.number",
        "alias": "number",
        "userDefined": false
      }
    ],
    "isTemplate": false,
    "count": 0,
    "lang": "en",
    "updated": 0
  },
  {
    "id": "6bfd6711-2a05-4f33-94e2-79ad30312986",
    "data": [
      {
        "text": "PER",
        "meta": "@sys.person",
        "alias": "person",
        "userDefined": false
      },
      {
        "text": "\u003d ",
        "userDefined": false
      },
      {
        "text": "division",
        "meta": "@Division",
        "alias": "Division1",
        "userDefined": false
      },
      {
        "text": "  CENT\u003d ",
        "userDefined": false
      },
      {
        "text": "100",
        "meta": "@sys.number",
        "alias": "number",
        "userDefined": false
      },
      {
        "text": " ",
        "userDefined": false
      },
      {
        "text": "PERCENT",
        "meta": "@Percent",
        "alias": "Percent",
        "userDefined": false
      },
      {
        "text": "\u003d ",
        "userDefined": false
      },
      {
        "text": "divided by",
        "meta": "@Division",
        "alias": "Division1",
        "userDefined": false
      },
      {
        "text": " ",
        "userDefined": false
      },
      {
        "text": "100",
        "meta": "@sys.number",
        "alias": "number",
        "userDefined": false
      }
    ],
    "isTemplate": false,
    "count": 0,
    "lang": "en",
    "updated": 0
  },
  {
    "id": "85ac8bf1-fdd8-4a57-bc85-7cf9fc271be8",
    "data": [
      {
        "text": "PER MEANS ",
        "userDefined": false
      },
      {
        "text": "75",
        "meta": "@sys.number",
        "alias": "number",
        "userDefined": false
      },
      {
        "text": " PER ",
        "userDefined": false
      },
      {
        "text": "100",
        "meta": "@sys.number",
        "alias": "number",
        "userDefined": false
      },
      {
        "text": " CENT MEANS ",
        "userDefined": false
      },
      {
        "text": "100",
        "meta": "@sys.number",
        "alias": "number",
        "userDefined": false
      }
    ],
    "isTemplate": false,
    "count": 0,
    "lang": "en",
    "updated": 0
  },
  {
    "id": "6049112c-73e3-45a4-b6ae-c802c771986a",
    "data": [
      {
        "text": "\"Upon ",
        "userDefined": false
      },
      {
        "text": "100",
        "meta": "@sys.number",
        "alias": "number",
        "userDefined": false
      },
      {
        "text": "   Eg\u003d",
        "userDefined": false
      },
      {
        "text": "25/100",
        "meta": "@sys.number",
        "alias": "number",
        "userDefined": false
      },
      {
        "text": "\"",
        "userDefined": false
      }
    ],
    "isTemplate": false,
    "count": 0,
    "lang": "en",
    "updated": 0
  },
  {
    "id": "512fbbef-3719-4cf9-80f7-8a506cea5e97",
    "data": [
      {
        "text": "Ratio expressed ",
        "userDefined": false
      },
      {
        "text": "by",
        "meta": "@Multiplication",
        "alias": "Multiplication1",
        "userDefined": false
      },
      {
        "text": " a fraction ",
        "userDefined": false
      },
      {
        "text": "of",
        "meta": "@Multiplication",
        "alias": "Multiplication1",
        "userDefined": false
      },
      {
        "text": " ",
        "userDefined": false
      },
      {
        "text": "100",
        "meta": "@sys.number",
        "alias": "number",
        "userDefined": false
      },
      {
        "text": " or any share ",
        "userDefined": false
      },
      {
        "text": "of",
        "meta": "@Multiplication",
        "alias": "Multiplication1",
        "userDefined": false
      },
      {
        "text": " a whole.",
        "userDefined": false
      }
    ],
    "isTemplate": false,
    "count": 0,
    "lang": "en",
    "updated": 0
  },
  {
    "id": "9f92c982-fa0e-4ce2-9f44-f40e95d4df42",
    "data": [
      {
        "text": "Percent",
        "meta": "@Percent",
        "alias": "Percent",
        "userDefined": false
      },
      {
        "text": " is a fraction",
        "userDefined": false
      }
    ],
    "isTemplate": false,
    "count": 0,
    "lang": "en",
    "updated": 0
  },
  {
    "id": "8867f90f-d11d-4bee-a4cc-5c86bf78a081",
    "data": [
      {
        "text": "Percent",
        "meta": "@Percent",
        "alias": "Percent",
        "userDefined": false
      },
      {
        "text": " is something over the denominator of ",
        "userDefined": false
      },
      {
        "text": "100",
        "meta": "@sys.number",
        "alias": "number",
        "userDefined": false
      }
    ],
    "isTemplate": false,
    "count": 0,
    "lang": "en",
    "updated": 0
  },
  {
    "id": "6d99cd59-7e58-44f1-8c36-c8882889d4e4",
    "data": [
      {
        "text": "Percent",
        "meta": "@Percent",
        "alias": "Percent",
        "userDefined": false
      },
      {
        "text": " is what is difficult",
        "userDefined": false
      }
    ],
    "isTemplate": false,
    "count": 0,
    "lang": "en",
    "updated": 0
  },
  {
    "id": "104e6090-2827-47d1-bb92-f7b1caa21b60",
    "data": [
      {
        "text": "If I have ",
        "userDefined": false
      },
      {
        "text": "100",
        "meta": "@sys.number",
        "alias": "number",
        "userDefined": false
      },
      {
        "text": " watermelons and I give ",
        "userDefined": false
      },
      {
        "text": "30",
        "meta": "@sys.number",
        "alias": "number",
        "userDefined": false
      },
      {
        "text": " watermelons to you , I am basically giving you ",
        "userDefined": false
      },
      {
        "text": "30",
        "meta": "@sys.number",
        "alias": "number",
        "userDefined": false
      },
      {
        "text": " percent",
        "userDefined": false
      }
    ],
    "isTemplate": false,
    "count": 0,
    "lang": "en",
    "updated": 0
  },
  {
    "id": "d7abb971-a39d-4184-9ba7-29d8e88c7d0b",
    "data": [
      {
        "text": "Something over ",
        "userDefined": false
      },
      {
        "text": "100",
        "meta": "@sys.number",
        "alias": "number",
        "userDefined": false
      },
      {
        "text": " is percent",
        "userDefined": false
      }
    ],
    "isTemplate": false,
    "count": 0,
    "lang": "en",
    "updated": 0
  },
  {
    "id": "cdbe869b-bba8-45a7-be2b-35e4c3d47a84",
    "data": [
      {
        "text": "SOmething over ",
        "userDefined": false
      },
      {
        "text": "100",
        "meta": "@sys.number",
        "alias": "number",
        "userDefined": false
      },
      {
        "text": " is per ent",
        "userDefined": false
      }
    ],
    "isTemplate": false,
    "count": 0,
    "lang": "en",
    "updated": 0
  },
  {
    "id": "2a094722-6987-4628-a12a-54c12fde8f88",
    "data": [
      {
        "text": "Percent",
        "meta": "@Percent",
        "alias": "Percent",
        "userDefined": false
      },
      {
        "text": " is dividing ",
        "userDefined": false
      },
      {
        "text": "by",
        "meta": "@Multiplication",
        "alias": "Multiplication1",
        "userDefined": false
      },
      {
        "text": " ",
        "userDefined": false
      },
      {
        "text": "100",
        "meta": "@sys.number",
        "alias": "number",
        "userDefined": false
      }
    ],
    "isTemplate": false,
    "count": 0,
    "lang": "en",
    "updated": 0
  },
  {
    "id": "f616c0db-f878-48c3-a937-f20f96c680a4",
    "data": [
      {
        "text": "Perfect! So, ",
        "userDefined": false
      },
      {
        "text": "percent",
        "meta": "@Percent",
        "alias": "Percent",
        "userDefined": false
      },
      {
        "text": " is dividing ",
        "userDefined": false
      },
      {
        "text": "by",
        "meta": "@Multiplication",
        "alias": "Multiplication",
        "userDefined": false
      },
      {
        "text": " ",
        "userDefined": false
      },
      {
        "text": "100",
        "meta": "@sys.number",
        "alias": "number",
        "userDefined": false
      },
      {
        "text": ".\n And, like \u0027per\u0027 there are other words that imply ",
        "userDefined": false
      },
      {
        "text": "division",
        "meta": "@Division",
        "alias": "Division",
        "userDefined": false
      },
      {
        "text": " as well. \n \n Like - \u0027split ",
        "userDefined": false
      },
      {
        "text": "into",
        "meta": "@Multiplication",
        "alias": "Multiplication1",
        "userDefined": false
      },
      {
        "text": " equal parts\u0027, \u0027",
        "userDefined": false
      },
      {
        "text": "divided by",
        "meta": "@Division",
        "alias": "Division1",
        "userDefined": false
      },
      {
        "text": "\u0027and\u0027and so on.",
        "userDefined": false
      }
    ],
    "isTemplate": false,
    "count": 0,
    "lang": "en",
    "updated": 0
  }
]