[
  {
    "id": "9678bd07-d6a1-48e9-80da-89d8c7256613",
    "data": [
      {
        "text": "History helps those who help themselves",
        "userDefined": false
      }
    ],
    "isTemplate": false,
    "count": 0,
    "lang": "en",
    "updated": 0
  },
  {
    "id": "9f7e4e8e-baec-491c-a60e-f4aa2c8f41c5",
    "data": [
      {
        "text": "What more do you want",
        "userDefined": false
      }
    ],
    "isTemplate": false,
    "count": 0,
    "lang": "en",
    "updated": 0
  },
  {
    "id": "b956ea91-ccd7-47d1-bf81-f945d38870cb",
    "data": [
      {
        "text": "Amazing",
        "userDefined": false
      }
    ],
    "isTemplate": false,
    "count": 0,
    "lang": "en",
    "updated": 0
  },
  {
    "id": "e15f8918-4eeb-43d9-8ca7-533ce946503f",
    "data": [
      {
        "text": "Great]",
        "userDefined": false
      }
    ],
    "isTemplate": false,
    "count": 0,
    "lang": "en",
    "updated": 0
  },
  {
    "id": "5abdbfe5-d2d2-4475-9d0b-082cd55857fb",
    "data": [
      {
        "text": "Coool",
        "userDefined": false
      }
    ],
    "isTemplate": false,
    "count": 0,
    "lang": "en",
    "updated": 0
  },
  {
    "id": "207dfaab-e10c-45cc-b1bb-3489f0489dac",
    "data": [
      {
        "text": "Yup",
        "userDefined": false
      }
    ],
    "isTemplate": false,
    "count": 0,
    "lang": "en",
    "updated": 0
  },
  {
    "id": "09658110-e9dd-483d-a3c2-b57222db78a2",
    "data": [
      {
        "text": "You are amazing so you can crack ot",
        "userDefined": false
      }
    ],
    "isTemplate": false,
    "count": 0,
    "lang": "en",
    "updated": 0
  },
  {
    "id": "acecd924-2ed3-4f19-bed6-0e67a61c4f65",
    "data": [
      {
        "text": "Do it yourself",
        "userDefined": false
      }
    ],
    "isTemplate": false,
    "count": 0,
    "lang": "en",
    "updated": 0
  },
  {
    "id": "76f13974-489a-4b74-aed8-5902ccc2b66f",
    "data": [
      {
        "text": "Yes, you can do it yourself",
        "userDefined": false
      }
    ],
    "isTemplate": false,
    "count": 0,
    "lang": "en",
    "updated": 0
  },
  {
    "id": "c7ad93c9-24e9-467f-ada6-fe2ebdf0db75",
    "data": [
      {
        "text": "Yes, definitely. I won\u0027t directly tell you but can guide you so that, you can solve the remaining problems on your own.✌",
        "userDefined": false
      }
    ],
    "isTemplate": false,
    "count": 0,
    "lang": "en",
    "updated": 0
  }
]