[
  {
    "id": "ef718629-354d-4af3-91e2-035353039e80",
    "data": [
      {
        "text": "So glad that you tried. Now lets go step ",
        "userDefined": false
      },
      {
        "text": "by",
        "meta": "@Multiplication",
        "alias": "Multiplication",
        "userDefined": false
      },
      {
        "text": " step.\n \n ",
        "userDefined": false
      },
      {
        "text": "First",
        "meta": "@sys.ordinal",
        "alias": "ordinal",
        "userDefined": false
      },
      {
        "text": " thing you need to do is to write the problem statement in the form of a mathematical equation. 😄",
        "userDefined": false
      }
    ],
    "isTemplate": false,
    "count": 0,
    "lang": "en",
    "updated": 0
  }
]