[
  {
    "id": "8c70dea9-a050-47c5-b680-84bd6b70ce16",
    "data": [
      {
        "text": "Thanks",
        "userDefined": false
      }
    ],
    "isTemplate": false,
    "count": 0,
    "lang": "en",
    "updated": 0
  },
  {
    "id": "c95bee78-45d5-4ecd-baf3-3f16236cd515",
    "data": [
      {
        "text": "Okay",
        "userDefined": false
      }
    ],
    "isTemplate": false,
    "count": 0,
    "lang": "en",
    "updated": 0
  },
  {
    "id": "74a40829-b3ed-4d6c-82d4-bfadd487109b",
    "data": [
      {
        "text": "Yes",
        "userDefined": false
      }
    ],
    "isTemplate": false,
    "count": 0,
    "lang": "en",
    "updated": 0
  },
  {
    "id": "ba375267-f773-4fc5-91cc-012a7c3dc1f5",
    "data": [
      {
        "text": "Keep going!",
        "userDefined": false
      }
    ],
    "isTemplate": false,
    "count": 0,
    "lang": "en",
    "updated": 0
  },
  {
    "id": "ffabc17e-e347-4c0d-aed0-25394ae9e07b",
    "data": [
      {
        "text": "What next?",
        "userDefined": false
      }
    ],
    "isTemplate": false,
    "count": 0,
    "lang": "en",
    "updated": 0
  },
  {
    "id": "1777ceee-11f1-4d2d-9e74-ab3460a1d3ee",
    "data": [
      {
        "text": "Go ahead, what is the problem exactly?",
        "userDefined": false
      }
    ],
    "isTemplate": false,
    "count": 0,
    "lang": "en",
    "updated": 0
  },
  {
    "id": "06ee5edb-413f-4f5a-9745-ad257e1b0f34",
    "data": [
      {
        "text": "Correct",
        "userDefined": false
      }
    ],
    "isTemplate": false,
    "count": 0,
    "lang": "en",
    "updated": 0
  },
  {
    "id": "69612bd0-5520-473b-a6a6-e5704d70e6d5",
    "data": [
      {
        "text": "Right",
        "userDefined": false
      }
    ],
    "isTemplate": false,
    "count": 0,
    "lang": "en",
    "updated": 0
  },
  {
    "id": "e9598422-d210-4289-8308-970c98ce7cb6",
    "data": [
      {
        "text": "Spot on",
        "userDefined": false
      }
    ],
    "isTemplate": false,
    "count": 0,
    "lang": "en",
    "updated": 0
  },
  {
    "id": "f292b29f-8050-42e7-927c-8a42c2716baf",
    "data": [
      {
        "text": "You are right!",
        "userDefined": false
      }
    ],
    "isTemplate": false,
    "count": 0,
    "lang": "en",
    "updated": 0
  },
  {
    "id": "e7a8c047-9c00-4748-b36a-213bf58dacda",
    "data": [
      {
        "text": "Yes, that is the reason maths is so amazing! 😁 Anyway, what is your problem?",
        "userDefined": false
      }
    ],
    "isTemplate": false,
    "count": 0,
    "lang": "en",
    "updated": 0
  }
]