[
  {
    "id": "b9c46ab0-8383-4b61-9cb8-eac025424bda",
    "data": [
      {
        "text": "Good job! So, finally the equation is [(",
        "userDefined": false
      },
      {
        "text": "75",
        "meta": "@sys.number",
        "alias": "number",
        "userDefined": false
      },
      {
        "text": "/",
        "userDefined": false
      },
      {
        "text": "100",
        "meta": "@sys.number",
        "alias": "number1",
        "userDefined": false
      },
      {
        "text": ") * ",
        "userDefined": false
      },
      {
        "text": "3000",
        "meta": "@sys.number",
        "alias": "number2",
        "userDefined": false
      },
      {
        "text": "].😁✌\n \n Just a quick recap, could you tell me what is the value of ",
        "userDefined": false
      },
      {
        "text": "75",
        "meta": "@sys.number",
        "alias": "number3",
        "userDefined": false
      },
      {
        "text": "/",
        "userDefined": false
      },
      {
        "text": "100",
        "meta": "@sys.number",
        "alias": "number4",
        "userDefined": false
      },
      {
        "text": "?",
        "userDefined": false
      }
    ],
    "isTemplate": false,
    "count": 0,
    "lang": "en",
    "updated": 0
  }
]