[
  {
    "id": "efc5e567-79f9-44f0-9a08-2dc39f3f3891",
    "data": [
      {
        "text": "Never",
        "userDefined": false
      }
    ],
    "isTemplate": false,
    "count": 0,
    "lang": "en",
    "updated": 0
  },
  {
    "id": "39eab5ae-d27d-4ea4-b2c0-4533392a51de",
    "data": [
      {
        "text": "Nah",
        "userDefined": false
      }
    ],
    "isTemplate": false,
    "count": 0,
    "lang": "en",
    "updated": 0
  },
  {
    "id": "777944ce-7f23-4367-ac17-6a3a1b2e4c0d",
    "data": [
      {
        "text": "no",
        "userDefined": false
      }
    ],
    "isTemplate": false,
    "count": 1,
    "lang": "en",
    "updated": 0
  }
]