[
  {
    "id": "58221ff7-e4e6-4871-b3e9-c30e3b664dbb",
    "data": [
      {
        "text": "I\u0027m waiting",
        "userDefined": false
      }
    ],
    "isTemplate": false,
    "count": 0,
    "lang": "en",
    "updated": 0
  },
  {
    "id": "9104ab82-0708-4873-be23-66fb85b7526b",
    "data": [
      {
        "text": "still waiting",
        "userDefined": false
      }
    ],
    "isTemplate": false,
    "count": 0,
    "lang": "en",
    "updated": 0
  },
  {
    "id": "a8574a2d-cc49-46cd-9a1a-db583b783d5b",
    "data": [
      {
        "text": "I can\u0027t wait anymore",
        "userDefined": false
      }
    ],
    "isTemplate": false,
    "count": 0,
    "lang": "en",
    "updated": 0
  },
  {
    "id": "1b75e755-a0cc-464c-ad7d-7455d93ec557",
    "data": [
      {
        "text": "how long do I have to wait",
        "userDefined": false
      }
    ],
    "isTemplate": false,
    "count": 0,
    "lang": "en",
    "updated": 0
  },
  {
    "id": "feba86b4-960c-4183-854b-20999ff7d582",
    "data": [
      {
        "text": "I\u0027ll wait",
        "userDefined": false
      }
    ],
    "isTemplate": false,
    "count": 0,
    "lang": "en",
    "updated": 0
  }
]