[
  {
    "id": "73789f9f-7dea-4177-ba85-aa79dd1d6832",
    "data": [
      {
        "text": "I\u0027",
        "userDefined": false
      },
      {
        "text": "m",
        "userDefined": false
      },
      {
        "text": " enraged",
        "userDefined": false
      }
    ],
    "isTemplate": false,
    "count": 0,
    "lang": "en",
    "updated": 0
  },
  {
    "id": "8af6bbed-cebd-4b4c-90a7-a9d01310f6f8",
    "data": [
      {
        "text": "I am mad",
        "userDefined": false
      }
    ],
    "isTemplate": false,
    "count": 0,
    "lang": "en",
    "updated": 0
  },
  {
    "id": "a164770c-71ca-4b35-b4c5-e00859a283e1",
    "data": [
      {
        "text": "I\u0027m angry",
        "userDefined": false
      }
    ],
    "isTemplate": false,
    "count": 0,
    "lang": "en",
    "updated": 0
  },
  {
    "id": "4fe4198b-7abc-4243-a88b-2b08ea343e60",
    "data": [
      {
        "text": "I\u0027m furious",
        "userDefined": false
      }
    ],
    "isTemplate": false,
    "count": 0,
    "lang": "en",
    "updated": 0
  },
  {
    "id": "790b61a0-7943-4e4c-b354-fe1c37b216ec",
    "data": [
      {
        "text": "I am angry with you",
        "userDefined": false
      }
    ],
    "isTemplate": false,
    "count": 0,
    "lang": "en",
    "updated": 0
  },
  {
    "id": "59b3222c-507b-4650-a213-af2fe7c7fbfd",
    "data": [
      {
        "text": "I am mad at you",
        "userDefined": false
      }
    ],
    "isTemplate": false,
    "count": 0,
    "lang": "en",
    "updated": 0
  },
  {
    "id": "5fb0d4f3-7022-46f3-a742-e82dfdaa5157",
    "data": [
      {
        "text": "I\u0027m being mad",
        "userDefined": false
      }
    ],
    "isTemplate": false,
    "count": 0,
    "lang": "en",
    "updated": 0
  }
]